1	я	_	_	_	_	_	_	_	@ovm1978f-words#@ovm1978f#0.0#0.329
2	цитатой	_	_	_	_	_	_	_	@ovm1978f-words#@ovm1978f#0.329#0.658
3	начну	_	_	_	_	_	_	_	@ovm1978f-words#@ovm1978f#0.658#0.987
4	/	_	_	_	_	_	_	_	@ovm1978f-words#@ovm1978f#0.987#1.316
5	э	_	_	_	_	_	_	_	@ovm1978f-words#@ovm1978f#1.316#1.645
6	/	_	_	_	_	_	_	_	@ovm1978f-words#@ovm1978f#1.645#1.974
7	тот	_	_	_	_	_	_	_	@ovm1978f-words#@ovm1978f#1.974#2.303
8	кто	_	_	_	_	_	_	_	@ovm1978f-words#@ovm1978f#2.303#2.632
9	не	_	_	_	_	_	_	_	@ovm1978f-words#@ovm1978f#2.632#2.961
10	знает	_	_	_	_	_	_	_	@ovm1978f-words#@ovm1978f#2.961#3.29
11	математики	_	_	_	_	_	_	_	@ovm1978f-words#@ovm1978f#3.29#3.619
12	даже	_	_	_	_	_	_	_	@ovm1978f-words#@ovm1978f#3.619#3.948
13	не	_	_	_	_	_	_	_	@ovm1978f-words#@ovm1978f#3.948#4.277
14	может	_	_	_	_	_	_	_	@ovm1978f-words#@ovm1978f#4.277#4.606
15	обнаружить	_	_	_	_	_	_	_	@ovm1978f-words#@ovm1978f#4.606#4.935
16	своего	_	_	_	_	_	_	_	@ovm1978f-words#@ovm1978f#4.935#5.264
17	невежества	_	_	_	_	_	_	_	@ovm1978f-words#@ovm1978f#5.264#5.6
18	не	_	_	_	_	_	_	_	@ovm1978f-words#@ovm1978f#6.34#6.653
19	твоя	_	_	_	_	_	_	_	@ovm1978f-words#@ovm1978f#6.653#6.966
20	цитата	_	_	_	_	_	_	_	@ovm1978f-words#@ovm1978f#6.966#7.279
21	абсолютно	_	_	_	_	_	_	_	@ovm1978f-words#@ovm1978f#7.279#7.592
22	но	_	_	_	_	_	_	_	@ovm1978f-words#@ovm1978f#7.592#7.905
23	/	_	_	_	_	_	_	_	@ovm1978f-words#@ovm1978f#7.905#8.218
24	гм	_	_	_	_	_	_	_	@ovm1978f-words#@ovm1978f#8.218#8.531
25	мне	_	_	_	_	_	_	_	@ovm1978f-words#@ovm1978f#8.531#8.844
26	кажется	_	_	_	_	_	_	_	@ovm1978f-words#@ovm1978f#8.844#9.157
27	очень	_	_	_	_	_	_	_	@ovm1978f-words#@ovm1978f#9.157#9.47
28	логичная	_	_	_	_	_	_	_	@ovm1978f-words#@ovm1978f#9.47#9.783
29	вещь	_	_	_	_	_	_	_	@ovm1978f-words#@ovm1978f#9.783#10.096
30	#смеётся#	_	_	_	_	_	_	_	@ovm1978f-words#@ovm1978f#10.096#10.41
31	то	_	_	_	_	_	_	_	@ovm1978f-words#@ovm1978f#10.97#11.475
32	есть	_	_	_	_	_	_	_	@ovm1978f-words#@ovm1978f#11.475#11.98
33	/	_	_	_	_	_	_	_	@ovm1978f-words#@ovm1978f#11.98#12.485
34	всё-таки	_	_	_	_	_	_	_	@ovm1978f-words#@ovm1978f#12.485#12.99
35	э	_	_	_	_	_	_	_	@ovm1978f-words#@ovm1978f#12.99#13.495
36	может	_	_	_	_	_	_	_	@ovm1978f-words#@ovm1978f#13.495#14.0
37	?	_	_	_	_	_	_	_	@ovm1978f-words#@ovm1978f#14.0#14.51
38	невежество	_	_	_	_	_	_	_	@ovm1978f-words#@ovm1978f#15.01#15.337
39	может	_	_	_	_	_	_	_	@ovm1978f-words#@ovm1978f#15.337#15.664
40	[нрзб]	_	_	_	_	_	_	_	@ovm1978f-words#@ovm1978f#15.664#15.991
41	#смеются#	_	_	_	_	_	_	_	@ovm1978f-words#@ovm1978f#15.991#16.318
42	дальше	_	_	_	_	_	_	_	@ovm1978f-words#@ovm1978f#16.318#16.645
43	поглядим	_	_	_	_	_	_	_	@ovm1978f-words#@ovm1978f#16.645#16.972
44	увидим	_	_	_	_	_	_	_	@ovm1978f-words#@ovm1978f#16.972#17.299
45	я	_	_	_	_	_	_	_	@ovm1978f-words#@ovm1978f#17.299#17.626
46	напомню	_	_	_	_	_	_	_	@ovm1978f-words#@ovm1978f#17.626#17.953
47	нашим	_	_	_	_	_	_	_	@ovm1978f-words#@ovm1978f#17.953#18.28
48	слушателям	_	_	_	_	_	_	_	@ovm1978f-words#@ovm1978f#18.28#18.607
49	что	_	_	_	_	_	_	_	@ovm1978f-words#@ovm1978f#18.607#18.934
50	мы	_	_	_	_	_	_	_	@ovm1978f-words#@ovm1978f#18.934#19.261
51	в	_	_	_	_	_	_	_	@ovm1978f-words#@ovm1978f#19.261#19.588
52	прямом	_	_	_	_	_	_	_	@ovm1978f-words#@ovm1978f#19.588#19.915
53	эфире	_	_	_	_	_	_	_	@ovm1978f-words#@ovm1978f#19.915#20.242
54	в	_	_	_	_	_	_	_	@ovm1978f-words#@ovm1978f#20.242#20.569
55	нашей	_	_	_	_	_	_	_	@ovm1978f-words#@ovm1978f#20.569#20.896
56	группе	_	_	_	_	_	_	_	@ovm1978f-words#@ovm1978f#20.896#21.223
57	вконтакте	_	_	_	_	_	_	_	@ovm1978f-words#@ovm1978f#21.223#21.55
58	в	_	_	_	_	_	_	_	@ovm1978f-words#@ovm1978f#21.55#21.877
59	нашей	_	_	_	_	_	_	_	@ovm1978f-words#@ovm1978f#21.877#22.204
60	группе	_	_	_	_	_	_	_	@ovm1978f-words#@ovm1978f#22.204#22.531
61	в	_	_	_	_	_	_	_	@ovm1978f-words#@ovm1978f#22.531#22.858
62	фейсбуке	_	_	_	_	_	_	_	@ovm1978f-words#@ovm1978f#22.858#23.185
63	а	_	_	_	_	_	_	_	@ovm1978f-words#@ovm1978f#23.185#23.512
64	также	_	_	_	_	_	_	_	@ovm1978f-words#@ovm1978f#23.512#23.839
65	на	_	_	_	_	_	_	_	@ovm1978f-words#@ovm1978f#23.839#24.166
66	сайте	_	_	_	_	_	_	_	@ovm1978f-words#@ovm1978f#24.166#24.493
67	фонтанки	_	_	_	_	_	_	_	@ovm1978f-words#@ovm1978f#24.493#24.82
68	по	_	_	_	_	_	_	_	@ovm1978f-words#@ovm1978f#24.82#25.147
69	телефону	_	_	_	_	_	_	_	@ovm1978f-words#@ovm1978f#25.147#25.474
70	прямого	_	_	_	_	_	_	_	@ovm1978f-words#@ovm1978f#25.474#25.801
71	эфира	_	_	_	_	_	_	_	@ovm1978f-words#@ovm1978f#25.801#26.128
72	вы	_	_	_	_	_	_	_	@ovm1978f-words#@ovm1978f#26.128#26.455
73	можете	_	_	_	_	_	_	_	@ovm1978f-words#@ovm1978f#26.455#26.782
74	нам	_	_	_	_	_	_	_	@ovm1978f-words#@ovm1978f#26.782#27.109
75	задавать	_	_	_	_	_	_	_	@ovm1978f-words#@ovm1978f#27.109#27.436
76	вопросы	_	_	_	_	_	_	_	@ovm1978f-words#@ovm1978f#27.436#27.763
77	/	_	_	_	_	_	_	_	@ovm1978f-words#@ovm1978f#27.763#28.09
78	друзья	_	_	_	_	_	_	_	@ovm1978f-words#@ovm1978f#28.09#28.417
79	мои	_	_	_	_	_	_	_	@ovm1978f-words#@ovm1978f#28.417#28.744
80	мы	_	_	_	_	_	_	_	@ovm1978f-words#@ovm1978f#28.744#29.071
81	постараемся	_	_	_	_	_	_	_	@ovm1978f-words#@ovm1978f#29.071#29.398
82	на	_	_	_	_	_	_	_	@ovm1978f-words#@ovm1978f#29.398#29.725
83	все	_	_	_	_	_	_	_	@ovm1978f-words#@ovm1978f#29.725#30.052
84	вопросы	_	_	_	_	_	_	_	@ovm1978f-words#@ovm1978f#30.052#30.379
85	ответить	_	_	_	_	_	_	_	@ovm1978f-words#@ovm1978f#30.379#30.706
86	и	_	_	_	_	_	_	_	@ovm1978f-words#@ovm1978f#30.706#31.033
87	у	_	_	_	_	_	_	_	@ovm1978f-words#@ovm1978f#31.033#31.36
88	нас	_	_	_	_	_	_	_	@ovm1978f-words#@ovm1978f#31.36#31.687
89	практически	_	_	_	_	_	_	_	@ovm1978f-words#@ovm1978f#31.687#32.014
90	час	_	_	_	_	_	_	_	@ovm1978f-words#@ovm1978f#32.014#32.341
91	целый	_	_	_	_	_	_	_	@ovm1978f-words#@ovm1978f#32.341#32.668
92	будем	_	_	_	_	_	_	_	@ovm1978f-words#@ovm1978f#32.668#32.995
93	слушать	_	_	_	_	_	_	_	@ovm1978f-words#@ovm1978f#32.995#33.322
94	и	_	_	_	_	_	_	_	@ovm1978f-words#@ovm1978f#33.322#33.649
95	музыку	_	_	_	_	_	_	_	@ovm1978f-words#@ovm1978f#33.649#33.976
96	сегодня	_	_	_	_	_	_	_	@ovm1978f-words#@ovm1978f#33.976#34.303
97	и	_	_	_	_	_	_	_	@ovm1978f-words#@ovm1978f#34.303#34.63
98	/	_	_	_	_	_	_	_	@ovm1978f-words#@ovm1978f#34.63#34.957
99	начнём	_	_	_	_	_	_	_	@ovm1978f-words#@ovm1978f#34.957#35.284
100	вы	_	_	_	_	_	_	_	@ovm1978f-words#@ovm1978f#35.284#35.611
101	всё-таки	_	_	_	_	_	_	_	@ovm1978f-words#@ovm1978f#35.611#35.938
102	с	_	_	_	_	_	_	_	@ovm1978f-words#@ovm1978f#35.938#36.265
103	презентации	_	_	_	_	_	_	_	@ovm1978f-words#@ovm1978f#36.265#36.592
104	книги	_	_	_	_	_	_	_	@ovm1978f-words#@ovm1978f#36.592#36.919
105	которая	_	_	_	_	_	_	_	@ovm1978f-words#@ovm1978f#36.919#37.246
106	состоялась	_	_	_	_	_	_	_	@ovm1978f-words#@ovm1978f#37.246#37.573
107	/	_	_	_	_	_	_	_	@ovm1978f-words#@ovm1978f#37.573#37.9
108	книга	_	_	_	_	_	_	_	@ovm1978f-words#@ovm1978f#37.9#38.227
109	в	_	_	_	_	_	_	_	@ovm1978f-words#@ovm1978f#38.227#38.554
110	свободном	_	_	_	_	_	_	_	@ovm1978f-words#@ovm1978f#38.554#38.881
111	доступе	_	_	_	_	_	_	_	@ovm1978f-words#@ovm1978f#38.881#39.208
112	насколько	_	_	_	_	_	_	_	@ovm1978f-words#@ovm1978f#39.208#39.535
113	я	_	_	_	_	_	_	_	@ovm1978f-words#@ovm1978f#39.535#39.862
114	понимаю	_	_	_	_	_	_	_	@ovm1978f-words#@ovm1978f#39.862#40.21
115	то	_	_	_	_	_	_	_	@ovm1978f-words#@ovm1978f#41.01#41.303
116	есть	_	_	_	_	_	_	_	@ovm1978f-words#@ovm1978f#41.303#41.596
117	каждый	_	_	_	_	_	_	_	@ovm1978f-words#@ovm1978f#41.596#41.889
118	из	_	_	_	_	_	_	_	@ovm1978f-words#@ovm1978f#41.889#42.182
119	наших	_	_	_	_	_	_	_	@ovm1978f-words#@ovm1978f#42.182#42.475
120	слушателей	_	_	_	_	_	_	_	@ovm1978f-words#@ovm1978f#42.475#42.768
121	сможет	_	_	_	_	_	_	_	@ovm1978f-words#@ovm1978f#42.768#43.061
122	её	_	_	_	_	_	_	_	@ovm1978f-words#@ovm1978f#43.061#43.354
123	прочитать	_	_	_	_	_	_	_	@ovm1978f-words#@ovm1978f#43.354#43.647
124	/	_	_	_	_	_	_	_	@ovm1978f-words#@ovm1978f#43.647#43.94
125	книга	_	_	_	_	_	_	_	@ovm1978f-words#@ovm1978f#43.94#44.233
126	называется	_	_	_	_	_	_	_	@ovm1978f-words#@ovm1978f#44.233#44.526
127	равинагар	_	_	_	_	_	_	_	@ovm1978f-words#@ovm1978f#44.526#44.82
128	ам	_	_	_	_	_	_	_	@ovm1978f-words#@ovm1978f#45.5#46.02
129	ты	_	_	_	_	_	_	_	@ovm1978f-words#@ovm1978f#46.79#47.198
130	исследуешь	_	_	_	_	_	_	_	@ovm1978f-words#@ovm1978f#47.198#47.606
131	/	_	_	_	_	_	_	_	@ovm1978f-words#@ovm1978f#47.606#48.014
132	опираясь	_	_	_	_	_	_	_	@ovm1978f-words#@ovm1978f#48.014#48.422
133	на	_	_	_	_	_	_	_	@ovm1978f-words#@ovm1978f#48.422#48.83
134	математику	_	_	_	_	_	_	_	@ovm1978f-words#@ovm1978f#48.83#49.238
135	/	_	_	_	_	_	_	_	@ovm1978f-words#@ovm1978f#49.238#49.646
136	индийскую	_	_	_	_	_	_	_	@ovm1978f-words#@ovm1978f#49.646#50.054
137	драматургию	_	_	_	_	_	_	_	@ovm1978f-words#@ovm1978f#50.054#50.462
138	/	_	_	_	_	_	_	_	@ovm1978f-words#@ovm1978f#50.462#50.87
139	символику	_	_	_	_	_	_	_	@ovm1978f-words#@ovm1978f#50.87#51.278
140	индийских	_	_	_	_	_	_	_	@ovm1978f-words#@ovm1978f#51.278#51.686
141	сект	_	_	_	_	_	_	_	@ovm1978f-words#@ovm1978f#51.686#52.094
142	/	_	_	_	_	_	_	_	@ovm1978f-words#@ovm1978f#52.094#52.502
143	можно	_	_	_	_	_	_	_	@ovm1978f-words#@ovm1978f#52.502#52.91
144	сказать	_	_	_	_	_	_	_	@ovm1978f-words#@ovm1978f#52.91#53.318
145	тайны	_	_	_	_	_	_	_	@ovm1978f-words#@ovm1978f#53.318#53.726
146	еврейского	_	_	_	_	_	_	_	@ovm1978f-words#@ovm1978f#53.726#54.134
147	мистицизма	_	_	_	_	_	_	_	@ovm1978f-words#@ovm1978f#54.134#54.542
148	ну	_	_	_	_	_	_	_	@ovm1978f-words#@ovm1978f#54.542#54.95
149	каббала	_	_	_	_	_	_	_	@ovm1978f-words#@ovm1978f#54.95#55.358
150	там	_	_	_	_	_	_	_	@ovm1978f-words#@ovm1978f#55.358#55.766
151	тоже	_	_	_	_	_	_	_	@ovm1978f-words#@ovm1978f#55.766#56.174
152	присутствует	_	_	_	_	_	_	_	@ovm1978f-words#@ovm1978f#56.174#56.582
153	/	_	_	_	_	_	_	_	@ovm1978f-words#@ovm1978f#56.582#56.99
154	феномен	_	_	_	_	_	_	_	@ovm1978f-words#@ovm1978f#56.99#57.398
155	внутренней	_	_	_	_	_	_	_	@ovm1978f-words#@ovm1978f#57.398#57.806
156	логики	_	_	_	_	_	_	_	@ovm1978f-words#@ovm1978f#57.806#58.214
157	текстов	_	_	_	_	_	_	_	@ovm1978f-words#@ovm1978f#58.214#58.622
158	шизофреников	_	_	_	_	_	_	_	@ovm1978f-words#@ovm1978f#58.622#59.03
159	параноиков	_	_	_	_	_	_	_	@ovm1978f-words#@ovm1978f#59.03#59.438
160	и	_	_	_	_	_	_	_	@ovm1978f-words#@ovm1978f#59.438#59.846
161	аутистов	_	_	_	_	_	_	_	@ovm1978f-words#@ovm1978f#59.846#60.254
162	вот	_	_	_	_	_	_	_	@ovm1978f-words#@ovm1978f#60.254#60.662
163	скажи	_	_	_	_	_	_	_	@ovm1978f-words#@ovm1978f#60.662#61.07
164	мне	_	_	_	_	_	_	_	@ovm1978f-words#@ovm1978f#61.07#61.478
165	пожалуйста	_	_	_	_	_	_	_	@ovm1978f-words#@ovm1978f#61.478#61.886
166	что	_	_	_	_	_	_	_	@ovm1978f-words#@ovm1978f#61.886#62.294
167	подтолкнуло	_	_	_	_	_	_	_	@ovm1978f-words#@ovm1978f#62.294#62.702
168	тебя	_	_	_	_	_	_	_	@ovm1978f-words#@ovm1978f#62.702#63.11
169	к	_	_	_	_	_	_	_	@ovm1978f-words#@ovm1978f#63.11#63.518
170	этому	_	_	_	_	_	_	_	@ovm1978f-words#@ovm1978f#63.518#63.926
171	поиску	_	_	_	_	_	_	_	@ovm1978f-words#@ovm1978f#63.926#64.36
172	классификацию	_	_	_	_	_	_	_	@ovm1978f-words#@ovm1978f#97.63#97.942
173	что	_	_	_	_	_	_	_	@ovm1978f-words#@ovm1978f#97.942#98.254
174	имеется	_	_	_	_	_	_	_	@ovm1978f-words#@ovm1978f#98.254#98.566
175	в	_	_	_	_	_	_	_	@ovm1978f-words#@ovm1978f#98.566#98.878
176	виду	_	_	_	_	_	_	_	@ovm1978f-words#@ovm1978f#98.878#99.19
177	?	_	_	_	_	_	_	_	@ovm1978f-words#@ovm1978f#99.19#99.502
178	там	_	_	_	_	_	_	_	@ovm1978f-words#@ovm1978f#99.502#99.814
179	условно	_	_	_	_	_	_	_	@ovm1978f-words#@ovm1978f#99.814#100.126
180	говоря	_	_	_	_	_	_	_	@ovm1978f-words#@ovm1978f#100.126#100.438
181	овца	_	_	_	_	_	_	_	@ovm1978f-words#@ovm1978f#100.438#100.75
182	первый	_	_	_	_	_	_	_	@ovm1978f-words#@ovm1978f#100.75#101.062
183	номер	_	_	_	_	_	_	_	@ovm1978f-words#@ovm1978f#101.062#101.374
184	/	_	_	_	_	_	_	_	@ovm1978f-words#@ovm1978f#101.374#101.686
185	там	_	_	_	_	_	_	_	@ovm1978f-words#@ovm1978f#101.686#101.998
186	кот	_	_	_	_	_	_	_	@ovm1978f-words#@ovm1978f#101.998#102.31
187	второй	_	_	_	_	_	_	_	@ovm1978f-words#@ovm1978f#102.31#102.622
188	номер	_	_	_	_	_	_	_	@ovm1978f-words#@ovm1978f#102.622#102.95
189	прости	_	_	_	_	_	_	_	@ovm1978f-words#@ovm1978f#111.32#113.26
190	а	_	_	_	_	_	_	_	@ovm1978f-words#@ovm1978f#268.62#268.945
191	что	_	_	_	_	_	_	_	@ovm1978f-words#@ovm1978f#268.945#269.27
192	значит	_	_	_	_	_	_	_	@ovm1978f-words#@ovm1978f#269.27#269.595
193	категория	_	_	_	_	_	_	_	@ovm1978f-words#@ovm1978f#269.595#269.92
194	абстрактная	_	_	_	_	_	_	_	@ovm1978f-words#@ovm1978f#269.92#270.245
195	в	_	_	_	_	_	_	_	@ovm1978f-words#@ovm1978f#270.245#270.57
196	данном	_	_	_	_	_	_	_	@ovm1978f-words#@ovm1978f#270.57#270.895
197	случае	_	_	_	_	_	_	_	@ovm1978f-words#@ovm1978f#270.895#271.22
198	?	_	_	_	_	_	_	_	@ovm1978f-words#@ovm1978f#271.22#271.545
199	то	_	_	_	_	_	_	_	@ovm1978f-words#@ovm1978f#271.545#271.87
200	есть	_	_	_	_	_	_	_	@ovm1978f-words#@ovm1978f#271.87#272.195
201	эээ	_	_	_	_	_	_	_	@ovm1978f-words#@ovm1978f#272.195#272.53
202	это	_	_	_	_	_	_	_	@rvm1978m-words#@rvm1978m#5.59#5.87
203	не	_	_	_	_	_	_	_	@rvm1978m-words#@rvm1978m#5.87#6.15
204	моя	_	_	_	_	_	_	_	@rvm1978m-words#@rvm1978m#6.15#6.43
205	цитата	_	_	_	_	_	_	_	@rvm1978m-words#@rvm1978m#6.43#6.71
206	да	_	_	_	_	_	_	_	@rvm1978m-words#@rvm1978m#9.83#10.18
207	не	_	_	_	_	_	_	_	@rvm1978m-words#@rvm1978m#10.18#10.53
208	глупость	_	_	_	_	_	_	_	@rvm1978m-words#@rvm1978m#10.53#10.88
209	какая-то	_	_	_	_	_	_	_	@rvm1978m-words#@rvm1978m#10.88#11.23
210	может	_	_	_	_	_	_	_	@rvm1978m-words#@rvm1978m#13.3#13.8
211	конечно	_	_	_	_	_	_	_	@rvm1978m-words#@rvm1978m#18.4#23.2
212	может	_	_	_	_	_	_	_	@rvm1978m-words#@rvm1978m#23.2#28.0
213	да	_	_	_	_	_	_	_	@rvm1978m-words#@rvm1978m#28.0#35.0
214	да	_	_	_	_	_	_	_	@rvm1978m-words#@rvm1978m#65.07#65.461
215	всё	_	_	_	_	_	_	_	@rvm1978m-words#@rvm1978m#65.461#65.852
216	очень	_	_	_	_	_	_	_	@rvm1978m-words#@rvm1978m#65.852#66.243
217	просто	_	_	_	_	_	_	_	@rvm1978m-words#@rvm1978m#66.243#66.634
218	история	_	_	_	_	_	_	_	@rvm1978m-words#@rvm1978m#66.634#67.025
219	начинается	_	_	_	_	_	_	_	@rvm1978m-words#@rvm1978m#67.025#67.416
220	с	_	_	_	_	_	_	_	@rvm1978m-words#@rvm1978m#67.416#67.807
221	детства	_	_	_	_	_	_	_	@rvm1978m-words#@rvm1978m#67.807#68.198
222	[нрзб]	_	_	_	_	_	_	_	@rvm1978m-words#@rvm1978m#68.198#68.589
223	в	_	_	_	_	_	_	_	@rvm1978m-words#@rvm1978m#68.589#68.98
224	детстве	_	_	_	_	_	_	_	@rvm1978m-words#@rvm1978m#68.98#69.371
225	у	_	_	_	_	_	_	_	@rvm1978m-words#@rvm1978m#69.371#69.762
226	меня	_	_	_	_	_	_	_	@rvm1978m-words#@rvm1978m#69.762#70.153
227	был	_	_	_	_	_	_	_	@rvm1978m-words#@rvm1978m#70.153#70.544
228	учитель	_	_	_	_	_	_	_	@rvm1978m-words#@rvm1978m#70.544#70.935
229	который	_	_	_	_	_	_	_	@rvm1978m-words#@rvm1978m#70.935#71.326
230	/	_	_	_	_	_	_	_	@rvm1978m-words#@rvm1978m#71.326#71.717
231	эм	_	_	_	_	_	_	_	@rvm1978m-words#@rvm1978m#71.717#72.108
232	/	_	_	_	_	_	_	_	@rvm1978m-words#@rvm1978m#72.108#72.499
233	представил	_	_	_	_	_	_	_	@rvm1978m-words#@rvm1978m#72.499#72.89
234	мне	_	_	_	_	_	_	_	@rvm1978m-words#@rvm1978m#72.89#73.281
235	одну	_	_	_	_	_	_	_	@rvm1978m-words#@rvm1978m#73.281#73.672
236	/	_	_	_	_	_	_	_	@rvm1978m-words#@rvm1978m#73.672#74.063
237	задачу	_	_	_	_	_	_	_	@rvm1978m-words#@rvm1978m#74.063#74.47
238	мы	_	_	_	_	_	_	_	@rvm1978m-words#@rvm1978m#74.83#75.217
239	должны	_	_	_	_	_	_	_	@rvm1978m-words#@rvm1978m#75.217#75.604
240	были	_	_	_	_	_	_	_	@rvm1978m-words#@rvm1978m#75.604#75.991
241	написать	_	_	_	_	_	_	_	@rvm1978m-words#@rvm1978m#75.991#76.378
242	классификацию	_	_	_	_	_	_	_	@rvm1978m-words#@rvm1978m#76.378#76.765
243	всех	_	_	_	_	_	_	_	@rvm1978m-words#@rvm1978m#76.765#77.152
244	уральских	_	_	_	_	_	_	_	@rvm1978m-words#@rvm1978m#77.152#77.539
245	животных	_	_	_	_	_	_	_	@rvm1978m-words#@rvm1978m#77.539#77.926
246	то	_	_	_	_	_	_	_	@rvm1978m-words#@rvm1978m#77.926#78.313
247	есть	_	_	_	_	_	_	_	@rvm1978m-words#@rvm1978m#78.313#78.7
248	мы	_	_	_	_	_	_	_	@rvm1978m-words#@rvm1978m#78.7#79.087
249	брали	_	_	_	_	_	_	_	@rvm1978m-words#@rvm1978m#79.087#79.474
250	тетрадку	_	_	_	_	_	_	_	@rvm1978m-words#@rvm1978m#79.474#79.861
251	толстую	_	_	_	_	_	_	_	@rvm1978m-words#@rvm1978m#79.861#80.248
252	главное	_	_	_	_	_	_	_	@rvm1978m-words#@rvm1978m#80.248#80.635
253	было	_	_	_	_	_	_	_	@rvm1978m-words#@rvm1978m#80.635#81.022
254	взять	_	_	_	_	_	_	_	@rvm1978m-words#@rvm1978m#81.022#81.409
255	потолще	_	_	_	_	_	_	_	@rvm1978m-words#@rvm1978m#81.409#81.796
256	тетрадку	_	_	_	_	_	_	_	@rvm1978m-words#@rvm1978m#81.796#82.183
257	и	_	_	_	_	_	_	_	@rvm1978m-words#@rvm1978m#82.183#82.57
258	записывали	_	_	_	_	_	_	_	@rvm1978m-words#@rvm1978m#82.57#82.957
259	туда	_	_	_	_	_	_	_	@rvm1978m-words#@rvm1978m#82.957#83.344
260	козочку	_	_	_	_	_	_	_	@rvm1978m-words#@rvm1978m#83.344#83.731
261	овечку	_	_	_	_	_	_	_	@rvm1978m-words#@rvm1978m#83.731#84.118
262	и	_	_	_	_	_	_	_	@rvm1978m-words#@rvm1978m#84.118#84.505
263	так	_	_	_	_	_	_	_	@rvm1978m-words#@rvm1978m#84.505#84.892
264	далее	_	_	_	_	_	_	_	@rvm1978m-words#@rvm1978m#84.892#85.279
265	/	_	_	_	_	_	_	_	@rvm1978m-words#@rvm1978m#85.279#85.666
266	что	_	_	_	_	_	_	_	@rvm1978m-words#@rvm1978m#85.666#86.053
267	такое	_	_	_	_	_	_	_	@rvm1978m-words#@rvm1978m#86.053#86.44
268	и	_	_	_	_	_	_	_	@rvm1978m-words#@rvm1978m#86.44#86.827
269	так	_	_	_	_	_	_	_	@rvm1978m-words#@rvm1978m#86.827#87.214
270	далее	_	_	_	_	_	_	_	@rvm1978m-words#@rvm1978m#87.214#87.601
271	было	_	_	_	_	_	_	_	@rvm1978m-words#@rvm1978m#87.601#87.988
272	не	_	_	_	_	_	_	_	@rvm1978m-words#@rvm1978m#87.988#88.375
273	понятно	_	_	_	_	_	_	_	@rvm1978m-words#@rvm1978m#88.375#88.762
274	ни	_	_	_	_	_	_	_	@rvm1978m-words#@rvm1978m#88.762#89.149
275	ему	_	_	_	_	_	_	_	@rvm1978m-words#@rvm1978m#89.149#89.536
276	ни	_	_	_	_	_	_	_	@rvm1978m-words#@rvm1978m#89.536#89.923
277	мне	_	_	_	_	_	_	_	@rvm1978m-words#@rvm1978m#89.923#90.31
278	но	_	_	_	_	_	_	_	@rvm1978m-words#@rvm1978m#90.31#90.697
279	мы	_	_	_	_	_	_	_	@rvm1978m-words#@rvm1978m#90.697#91.084
280	осознавали	_	_	_	_	_	_	_	@rvm1978m-words#@rvm1978m#91.084#91.471
281	весь	_	_	_	_	_	_	_	@rvm1978m-words#@rvm1978m#91.471#91.858
282	объём	_	_	_	_	_	_	_	@rvm1978m-words#@rvm1978m#91.858#92.245
283	/	_	_	_	_	_	_	_	@rvm1978m-words#@rvm1978m#92.245#92.632
284	мы	_	_	_	_	_	_	_	@rvm1978m-words#@rvm1978m#92.632#93.019
285	делали	_	_	_	_	_	_	_	@rvm1978m-words#@rvm1978m#93.019#93.406
286	классификацию	_	_	_	_	_	_	_	@rvm1978m-words#@rvm1978m#93.406#93.793
287	/	_	_	_	_	_	_	_	@rvm1978m-words#@rvm1978m#93.793#94.18
288	после	_	_	_	_	_	_	_	@rvm1978m-words#@rvm1978m#94.18#94.567
289	этого	_	_	_	_	_	_	_	@rvm1978m-words#@rvm1978m#94.567#94.954
290	я	_	_	_	_	_	_	_	@rvm1978m-words#@rvm1978m#94.954#95.341
291	собирался	_	_	_	_	_	_	_	@rvm1978m-words#@rvm1978m#95.341#95.728
292	сделать	_	_	_	_	_	_	_	@rvm1978m-words#@rvm1978m#95.728#96.115
293	классификацию	_	_	_	_	_	_	_	@rvm1978m-words#@rvm1978m#96.115#96.502
294	всех	_	_	_	_	_	_	_	@rvm1978m-words#@rvm1978m#96.502#96.889
295	рыб	_	_	_	_	_	_	_	@rvm1978m-words#@rvm1978m#96.889#97.33
296	вот	_	_	_	_	_	_	_	@rvm1978m-words#@rvm1978m#102.48#102.857
297	это	_	_	_	_	_	_	_	@rvm1978m-words#@rvm1978m#102.857#103.234
298	тончайший	_	_	_	_	_	_	_	@rvm1978m-words#@rvm1978m#103.234#103.611
299	вопрос	_	_	_	_	_	_	_	@rvm1978m-words#@rvm1978m#103.611#103.988
300	ты	_	_	_	_	_	_	_	@rvm1978m-words#@rvm1978m#103.988#104.365
301	сходу	_	_	_	_	_	_	_	@rvm1978m-words#@rvm1978m#104.365#104.742
302	меня	_	_	_	_	_	_	_	@rvm1978m-words#@rvm1978m#104.742#105.119
303	подрубаешь	_	_	_	_	_	_	_	@rvm1978m-words#@rvm1978m#105.119#105.496
304	тончайшим	_	_	_	_	_	_	_	@rvm1978m-words#@rvm1978m#105.496#105.873
305	вопросом	_	_	_	_	_	_	_	@rvm1978m-words#@rvm1978m#105.873#106.25
306	что	_	_	_	_	_	_	_	@rvm1978m-words#@rvm1978m#106.25#106.627
307	такое	_	_	_	_	_	_	_	@rvm1978m-words#@rvm1978m#106.627#107.004
308	классификация	_	_	_	_	_	_	_	@rvm1978m-words#@rvm1978m#107.004#107.381
309	да	_	_	_	_	_	_	_	@rvm1978m-words#@rvm1978m#107.381#107.758
310	что	_	_	_	_	_	_	_	@rvm1978m-words#@rvm1978m#107.758#108.135
311	такое	_	_	_	_	_	_	_	@rvm1978m-words#@rvm1978m#108.135#108.512
312	порядок	_	_	_	_	_	_	_	@rvm1978m-words#@rvm1978m#108.512#108.889
313	/	_	_	_	_	_	_	_	@rvm1978m-words#@rvm1978m#108.889#109.266
314	что	_	_	_	_	_	_	_	@rvm1978m-words#@rvm1978m#109.266#109.643
315	такое	_	_	_	_	_	_	_	@rvm1978m-words#@rvm1978m#109.643#110.02
316	эээ	_	_	_	_	_	_	_	@rvm1978m-words#@rvm1978m#110.02#110.397
317	/	_	_	_	_	_	_	_	@rvm1978m-words#@rvm1978m#110.397#110.774
318	каталогизация	_	_	_	_	_	_	_	@rvm1978m-words#@rvm1978m#110.774#111.151
319	систематизация	_	_	_	_	_	_	_	@rvm1978m-words#@rvm1978m#111.151#111.528
320	и	_	_	_	_	_	_	_	@rvm1978m-words#@rvm1978m#111.528#111.905
321	так	_	_	_	_	_	_	_	@rvm1978m-words#@rvm1978m#111.905#112.282
322	далее	_	_	_	_	_	_	_	@rvm1978m-words#@rvm1978m#112.282#112.659
323	это	_	_	_	_	_	_	_	@rvm1978m-words#@rvm1978m#112.659#113.036
324	все	_	_	_	_	_	_	_	@rvm1978m-words#@rvm1978m#113.036#113.413
325	разные	_	_	_	_	_	_	_	@rvm1978m-words#@rvm1978m#113.413#113.79
326	вещи	_	_	_	_	_	_	_	@rvm1978m-words#@rvm1978m#113.79#114.17
327	но	_	_	_	_	_	_	_	@rvm1978m-words#@rvm1978m#114.62#114.946
328	я	_	_	_	_	_	_	_	@rvm1978m-words#@rvm1978m#114.946#115.272
329	попробую	_	_	_	_	_	_	_	@rvm1978m-words#@rvm1978m#115.272#115.598
330	ответить	_	_	_	_	_	_	_	@rvm1978m-words#@rvm1978m#115.598#115.924
331	так	_	_	_	_	_	_	_	@rvm1978m-words#@rvm1978m#115.924#116.25
332	чтобы	_	_	_	_	_	_	_	@rvm1978m-words#@rvm1978m#116.25#116.576
333	ощущение	_	_	_	_	_	_	_	@rvm1978m-words#@rvm1978m#116.576#116.902
334	возникло	_	_	_	_	_	_	_	@rvm1978m-words#@rvm1978m#116.902#117.228
335	что	_	_	_	_	_	_	_	@rvm1978m-words#@rvm1978m#117.228#117.554
336	это	_	_	_	_	_	_	_	@rvm1978m-words#@rvm1978m#117.554#117.88
337	такое	_	_	_	_	_	_	_	@rvm1978m-words#@rvm1978m#117.88#118.206
338	/	_	_	_	_	_	_	_	@rvm1978m-words#@rvm1978m#118.206#118.532
339	то	_	_	_	_	_	_	_	@rvm1978m-words#@rvm1978m#118.532#118.858
340	есть	_	_	_	_	_	_	_	@rvm1978m-words#@rvm1978m#118.858#119.184
341	атлас	_	_	_	_	_	_	_	@rvm1978m-words#@rvm1978m#119.184#119.51
342	всех	_	_	_	_	_	_	_	@rvm1978m-words#@rvm1978m#119.51#119.836
343	рыб	_	_	_	_	_	_	_	@rvm1978m-words#@rvm1978m#119.836#120.162
344	чтобы	_	_	_	_	_	_	_	@rvm1978m-words#@rvm1978m#120.162#120.488
345	там	_	_	_	_	_	_	_	@rvm1978m-words#@rvm1978m#120.488#120.814
346	существовал	_	_	_	_	_	_	_	@rvm1978m-words#@rvm1978m#120.814#121.14
347	некий	_	_	_	_	_	_	_	@rvm1978m-words#@rvm1978m#121.14#121.466
348	порядок	_	_	_	_	_	_	_	@rvm1978m-words#@rvm1978m#121.466#121.81
349	и	_	_	_	_	_	_	_	@rvm1978m-words#@rvm1978m#122.11#122.573
350	такая	_	_	_	_	_	_	_	@rvm1978m-words#@rvm1978m#122.573#123.036
351	разнообразная	_	_	_	_	_	_	_	@rvm1978m-words#@rvm1978m#123.036#123.499
352	живая	_	_	_	_	_	_	_	@rvm1978m-words#@rvm1978m#123.499#123.962
353	стихия	_	_	_	_	_	_	_	@rvm1978m-words#@rvm1978m#123.962#124.425
354	как	_	_	_	_	_	_	_	@rvm1978m-words#@rvm1978m#124.425#124.888
355	как	_	_	_	_	_	_	_	@rvm1978m-words#@rvm1978m#124.888#125.351
356	рыбы	_	_	_	_	_	_	_	@rvm1978m-words#@rvm1978m#125.351#125.814
357	чтобы	_	_	_	_	_	_	_	@rvm1978m-words#@rvm1978m#125.814#126.277
358	была	_	_	_	_	_	_	_	@rvm1978m-words#@rvm1978m#126.277#126.74
359	записана	_	_	_	_	_	_	_	@rvm1978m-words#@rvm1978m#126.74#127.203
360	или	_	_	_	_	_	_	_	@rvm1978m-words#@rvm1978m#127.203#127.666
361	нарисована	_	_	_	_	_	_	_	@rvm1978m-words#@rvm1978m#127.666#128.129
362	/	_	_	_	_	_	_	_	@rvm1978m-words#@rvm1978m#128.129#128.592
363	или	_	_	_	_	_	_	_	@rvm1978m-words#@rvm1978m#128.592#129.055
364	обозначена	_	_	_	_	_	_	_	@rvm1978m-words#@rvm1978m#129.055#129.52
365	после	_	_	_	_	_	_	_	@rvm1978m-words#@rvm1978m#130.39#130.742
366	этого	_	_	_	_	_	_	_	@rvm1978m-words#@rvm1978m#130.742#131.094
367	в	_	_	_	_	_	_	_	@rvm1978m-words#@rvm1978m#131.094#131.446
368	четырнадцать	_	_	_	_	_	_	_	@rvm1978m-words#@rvm1978m#131.446#131.798
369	лет	_	_	_	_	_	_	_	@rvm1978m-words#@rvm1978m#131.798#132.15
370	я	_	_	_	_	_	_	_	@rvm1978m-words#@rvm1978m#132.15#132.502
371	составлял	_	_	_	_	_	_	_	@rvm1978m-words#@rvm1978m#132.502#132.854
372	карту	_	_	_	_	_	_	_	@rvm1978m-words#@rvm1978m#132.854#133.206
373	всех	_	_	_	_	_	_	_	@rvm1978m-words#@rvm1978m#133.206#133.558
374	сект	_	_	_	_	_	_	_	@rvm1978m-words#@rvm1978m#133.558#133.91
375	округи	_	_	_	_	_	_	_	@rvm1978m-words#@rvm1978m#133.91#134.262
376	там	_	_	_	_	_	_	_	@rvm1978m-words#@rvm1978m#134.262#134.614
377	было	_	_	_	_	_	_	_	@rvm1978m-words#@rvm1978m#134.614#134.966
378	много	_	_	_	_	_	_	_	@rvm1978m-words#@rvm1978m#134.966#135.318
379	сект	_	_	_	_	_	_	_	@rvm1978m-words#@rvm1978m#135.318#135.67
380	округи	_	_	_	_	_	_	_	@rvm1978m-words#@rvm1978m#135.67#136.022
381	я	_	_	_	_	_	_	_	@rvm1978m-words#@rvm1978m#136.022#136.374
382	составлял	_	_	_	_	_	_	_	@rvm1978m-words#@rvm1978m#136.374#136.726
383	карту	_	_	_	_	_	_	_	@rvm1978m-words#@rvm1978m#136.726#137.078
384	рисовал	_	_	_	_	_	_	_	@rvm1978m-words#@rvm1978m#137.078#137.43
385	всякие	_	_	_	_	_	_	_	@rvm1978m-words#@rvm1978m#137.43#137.782
386	кружочки	_	_	_	_	_	_	_	@rvm1978m-words#@rvm1978m#137.782#138.134
387	как	_	_	_	_	_	_	_	@rvm1978m-words#@rvm1978m#138.134#138.486
388	секты	_	_	_	_	_	_	_	@rvm1978m-words#@rvm1978m#138.486#138.838
389	выделялись	_	_	_	_	_	_	_	@rvm1978m-words#@rvm1978m#138.838#139.19
390	друг	_	_	_	_	_	_	_	@rvm1978m-words#@rvm1978m#139.19#139.542
391	из	_	_	_	_	_	_	_	@rvm1978m-words#@rvm1978m#139.542#139.894
392	друга	_	_	_	_	_	_	_	@rvm1978m-words#@rvm1978m#139.894#140.246
393	как	_	_	_	_	_	_	_	@rvm1978m-words#@rvm1978m#140.246#140.598
394	эээ	_	_	_	_	_	_	_	@rvm1978m-words#@rvm1978m#140.598#140.95
395	кто	_	_	_	_	_	_	_	@rvm1978m-words#@rvm1978m#140.95#141.302
396	с	_	_	_	_	_	_	_	@rvm1978m-words#@rvm1978m#141.302#141.654
397	кем	_	_	_	_	_	_	_	@rvm1978m-words#@rvm1978m#141.654#142.006
398	враждует	_	_	_	_	_	_	_	@rvm1978m-words#@rvm1978m#142.006#142.358
399	это	_	_	_	_	_	_	_	@rvm1978m-words#@rvm1978m#142.358#142.71
400	как	_	_	_	_	_	_	_	@rvm1978m-words#@rvm1978m#142.71#143.062
401	правило	_	_	_	_	_	_	_	@rvm1978m-words#@rvm1978m#143.062#143.414
402	совпадало	_	_	_	_	_	_	_	@rvm1978m-words#@rvm1978m#143.414#143.78
403	эээ	_	_	_	_	_	_	_	@rvm1978m-words#@rvm1978m#144.75#145.24
404	ну	_	_	_	_	_	_	_	@rvm1978m-words#@rvm1978m#145.87#146.293
405	и	_	_	_	_	_	_	_	@rvm1978m-words#@rvm1978m#146.293#146.716
406	после	_	_	_	_	_	_	_	@rvm1978m-words#@rvm1978m#146.716#147.139
407	этого	_	_	_	_	_	_	_	@rvm1978m-words#@rvm1978m#147.139#147.562
408	/	_	_	_	_	_	_	_	@rvm1978m-words#@rvm1978m#147.562#147.985
409	были	_	_	_	_	_	_	_	@rvm1978m-words#@rvm1978m#147.985#148.408
410	попытки	_	_	_	_	_	_	_	@rvm1978m-words#@rvm1978m#148.408#148.831
411	классифицировать	_	_	_	_	_	_	_	@rvm1978m-words#@rvm1978m#148.831#149.254
412	разные	_	_	_	_	_	_	_	@rvm1978m-words#@rvm1978m#149.254#149.677
413	математические	_	_	_	_	_	_	_	@rvm1978m-words#@rvm1978m#149.677#150.1
414	структуры	_	_	_	_	_	_	_	@rvm1978m-words#@rvm1978m#150.1#150.523
415	объекты	_	_	_	_	_	_	_	@rvm1978m-words#@rvm1978m#150.523#150.946
416	типа	_	_	_	_	_	_	_	@rvm1978m-words#@rvm1978m#150.946#151.369
417	групп	_	_	_	_	_	_	_	@rvm1978m-words#@rvm1978m#151.369#151.792
418	я	_	_	_	_	_	_	_	@rvm1978m-words#@rvm1978m#151.792#152.215
419	составлял	_	_	_	_	_	_	_	@rvm1978m-words#@rvm1978m#152.215#152.638
420	огромные	_	_	_	_	_	_	_	@rvm1978m-words#@rvm1978m#152.638#153.061
421	карты	_	_	_	_	_	_	_	@rvm1978m-words#@rvm1978m#153.061#153.49
422	эээ	_	_	_	_	_	_	_	@rvm1978m-words#@rvm1978m#154.38#154.778
423	и	_	_	_	_	_	_	_	@rvm1978m-words#@rvm1978m#154.778#155.176
424	в	_	_	_	_	_	_	_	@rvm1978m-words#@rvm1978m#155.176#155.574
425	общем	_	_	_	_	_	_	_	@rvm1978m-words#@rvm1978m#155.574#155.972
426	в	_	_	_	_	_	_	_	@rvm1978m-words#@rvm1978m#155.972#156.37
427	прошлом	_	_	_	_	_	_	_	@rvm1978m-words#@rvm1978m#156.37#156.768
428	году	_	_	_	_	_	_	_	@rvm1978m-words#@rvm1978m#156.768#157.166
429	я	_	_	_	_	_	_	_	@rvm1978m-words#@rvm1978m#157.166#157.564
430	оказался	_	_	_	_	_	_	_	@rvm1978m-words#@rvm1978m#157.564#157.962
431	в	_	_	_	_	_	_	_	@rvm1978m-words#@rvm1978m#157.962#158.36
432	в	_	_	_	_	_	_	_	@rvm1978m-words#@rvm1978m#158.36#158.758
433	равинагаре	_	_	_	_	_	_	_	@rvm1978m-words#@rvm1978m#158.758#159.156
434	это	_	_	_	_	_	_	_	@rvm1978m-words#@rvm1978m#159.156#159.554
435	определенное	_	_	_	_	_	_	_	@rvm1978m-words#@rvm1978m#159.554#159.952
436	состояние	_	_	_	_	_	_	_	@rvm1978m-words#@rvm1978m#159.952#160.35
437	в	_	_	_	_	_	_	_	@rvm1978m-words#@rvm1978m#160.35#160.748
438	течение	_	_	_	_	_	_	_	@rvm1978m-words#@rvm1978m#160.748#161.146
439	двух	_	_	_	_	_	_	_	@rvm1978m-words#@rvm1978m#161.146#161.544
440	месяцев	_	_	_	_	_	_	_	@rvm1978m-words#@rvm1978m#161.544#161.942
441	я	_	_	_	_	_	_	_	@rvm1978m-words#@rvm1978m#161.942#162.34
442	там	_	_	_	_	_	_	_	@rvm1978m-words#@rvm1978m#162.34#162.738
443	пребывал	_	_	_	_	_	_	_	@rvm1978m-words#@rvm1978m#162.738#163.136
444	/	_	_	_	_	_	_	_	@rvm1978m-words#@rvm1978m#163.136#163.534
445	это	_	_	_	_	_	_	_	@rvm1978m-words#@rvm1978m#163.534#163.932
446	состояние	_	_	_	_	_	_	_	@rvm1978m-words#@rvm1978m#163.932#164.33
447	где	_	_	_	_	_	_	_	@rvm1978m-words#@rvm1978m#164.33#164.728
448	психика	_	_	_	_	_	_	_	@rvm1978m-words#@rvm1978m#164.728#165.126
449	/	_	_	_	_	_	_	_	@rvm1978m-words#@rvm1978m#165.126#165.524
450	пространства	_	_	_	_	_	_	_	@rvm1978m-words#@rvm1978m#165.524#165.922
451	и	_	_	_	_	_	_	_	@rvm1978m-words#@rvm1978m#165.922#166.32
452	грамматика	_	_	_	_	_	_	_	@rvm1978m-words#@rvm1978m#166.32#166.718
453	отождествились	_	_	_	_	_	_	_	@rvm1978m-words#@rvm1978m#166.718#167.116
454	и	_	_	_	_	_	_	_	@rvm1978m-words#@rvm1978m#167.116#167.514
455	в	_	_	_	_	_	_	_	@rvm1978m-words#@rvm1978m#167.514#167.912
456	общем	_	_	_	_	_	_	_	@rvm1978m-words#@rvm1978m#167.912#168.31
457	эээ	_	_	_	_	_	_	_	@rvm1978m-words#@rvm1978m#168.31#168.708
458	/	_	_	_	_	_	_	_	@rvm1978m-words#@rvm1978m#168.708#169.106
459	мне	_	_	_	_	_	_	_	@rvm1978m-words#@rvm1978m#169.106#169.504
460	было	_	_	_	_	_	_	_	@rvm1978m-words#@rvm1978m#169.504#169.902
461	предъявлено	_	_	_	_	_	_	_	@rvm1978m-words#@rvm1978m#169.902#170.3
462	всем	_	_	_	_	_	_	_	@rvm1978m-words#@rvm1978m#170.3#170.698
463	бытиём	_	_	_	_	_	_	_	@rvm1978m-words#@rvm1978m#170.698#171.096
464	за	_	_	_	_	_	_	_	@rvm1978m-words#@rvm1978m#171.096#171.494
465	те	_	_	_	_	_	_	_	@rvm1978m-words#@rvm1978m#171.494#171.892
466	попытки	_	_	_	_	_	_	_	@rvm1978m-words#@rvm1978m#171.892#172.29
467	классификации	_	_	_	_	_	_	_	@rvm1978m-words#@rvm1978m#172.29#172.688
468	в	_	_	_	_	_	_	_	@rvm1978m-words#@rvm1978m#172.688#173.086
469	общем-то	_	_	_	_	_	_	_	@rvm1978m-words#@rvm1978m#173.086#173.484
470	и	_	_	_	_	_	_	_	@rvm1978m-words#@rvm1978m#173.484#173.882
471	несмотря	_	_	_	_	_	_	_	@rvm1978m-words#@rvm1978m#173.882#174.28
472	на	_	_	_	_	_	_	_	@rvm1978m-words#@rvm1978m#174.28#174.678
473	то	_	_	_	_	_	_	_	@rvm1978m-words#@rvm1978m#174.678#175.076
474	что	_	_	_	_	_	_	_	@rvm1978m-words#@rvm1978m#175.076#175.48
475	уже	_	_	_	_	_	_	_	@rvm1978m-words#@rvm1978m#176.4#176.848
476	позже	_	_	_	_	_	_	_	@rvm1978m-words#@rvm1978m#176.848#177.296
477	/	_	_	_	_	_	_	_	@rvm1978m-words#@rvm1978m#177.296#177.744
478	это	_	_	_	_	_	_	_	@rvm1978m-words#@rvm1978m#177.744#178.192
479	это	_	_	_	_	_	_	_	@rvm1978m-words#@rvm1978m#178.192#178.64
480	занятие	_	_	_	_	_	_	_	@rvm1978m-words#@rvm1978m#178.64#179.088
481	классифицировать	_	_	_	_	_	_	_	@rvm1978m-words#@rvm1978m#179.088#179.536
482	что-либо	_	_	_	_	_	_	_	@rvm1978m-words#@rvm1978m#179.536#179.984
483	/	_	_	_	_	_	_	_	@rvm1978m-words#@rvm1978m#179.984#180.432
484	мне	_	_	_	_	_	_	_	@rvm1978m-words#@rvm1978m#180.432#180.88
485	было	_	_	_	_	_	_	_	@rvm1978m-words#@rvm1978m#180.88#181.328
486	/	_	_	_	_	_	_	_	@rvm1978m-words#@rvm1978m#181.328#181.776
487	настолько	_	_	_	_	_	_	_	@rvm1978m-words#@rvm1978m#181.776#182.224
488	отвратительным	_	_	_	_	_	_	_	@rvm1978m-words#@rvm1978m#182.224#182.672
489	что	_	_	_	_	_	_	_	@rvm1978m-words#@rvm1978m#182.672#183.12
490	я	_	_	_	_	_	_	_	@rvm1978m-words#@rvm1978m#183.12#183.568
491	не	_	_	_	_	_	_	_	@rvm1978m-words#@rvm1978m#183.568#184.016
492	знал	_	_	_	_	_	_	_	@rvm1978m-words#@rvm1978m#184.016#184.464
493	как	_	_	_	_	_	_	_	@rvm1978m-words#@rvm1978m#184.464#184.912
494	от	_	_	_	_	_	_	_	@rvm1978m-words#@rvm1978m#184.912#185.36
495	него	_	_	_	_	_	_	_	@rvm1978m-words#@rvm1978m#185.36#185.808
496	избавиться	_	_	_	_	_	_	_	@rvm1978m-words#@rvm1978m#185.808#186.256
497	ну	_	_	_	_	_	_	_	@rvm1978m-words#@rvm1978m#186.256#186.704
498	какие-то	_	_	_	_	_	_	_	@rvm1978m-words#@rvm1978m#186.704#187.152
499	грешки	_	_	_	_	_	_	_	@rvm1978m-words#@rvm1978m#187.152#187.6
500	детства	_	_	_	_	_	_	_	@rvm1978m-words#@rvm1978m#187.6#188.048
501	грешки	_	_	_	_	_	_	_	@rvm1978m-words#@rvm1978m#188.048#188.496
502	молодости	_	_	_	_	_	_	_	@rvm1978m-words#@rvm1978m#188.496#188.944
503	вот	_	_	_	_	_	_	_	@rvm1978m-words#@rvm1978m#188.944#189.392
504	так	_	_	_	_	_	_	_	@rvm1978m-words#@rvm1978m#189.392#189.84
505	вот	_	_	_	_	_	_	_	@rvm1978m-words#@rvm1978m#189.84#190.288
506	всплыли	_	_	_	_	_	_	_	@rvm1978m-words#@rvm1978m#190.288#190.736
507	на	_	_	_	_	_	_	_	@rvm1978m-words#@rvm1978m#190.736#191.184
508	уровне	_	_	_	_	_	_	_	@rvm1978m-words#@rvm1978m#191.184#191.632
509	метафизики	_	_	_	_	_	_	_	@rvm1978m-words#@rvm1978m#191.632#192.08
510	и	_	_	_	_	_	_	_	@rvm1978m-words#@rvm1978m#192.08#192.528
511	это	_	_	_	_	_	_	_	@rvm1978m-words#@rvm1978m#192.528#192.976
512	было	_	_	_	_	_	_	_	@rvm1978m-words#@rvm1978m#192.976#193.424
513	предъявлено	_	_	_	_	_	_	_	@rvm1978m-words#@rvm1978m#193.424#193.872
514	абсолютно	_	_	_	_	_	_	_	@rvm1978m-words#@rvm1978m#193.872#194.32
515	всем	_	_	_	_	_	_	_	@rvm1978m-words#@rvm1978m#194.32#194.768
516	всей	_	_	_	_	_	_	_	@rvm1978m-words#@rvm1978m#194.768#195.216
517	природой	_	_	_	_	_	_	_	@rvm1978m-words#@rvm1978m#195.216#195.664
518	за	_	_	_	_	_	_	_	@rvm1978m-words#@rvm1978m#195.664#196.112
519	окном	_	_	_	_	_	_	_	@rvm1978m-words#@rvm1978m#196.112#196.56
520	птицами	_	_	_	_	_	_	_	@rvm1978m-words#@rvm1978m#196.56#197.008
521	конфигурациями	_	_	_	_	_	_	_	@rvm1978m-words#@rvm1978m#197.008#197.456
522	деревьев	_	_	_	_	_	_	_	@rvm1978m-words#@rvm1978m#197.456#197.904
523	облаков	_	_	_	_	_	_	_	@rvm1978m-words#@rvm1978m#197.904#198.352
524	э	_	_	_	_	_	_	_	@rvm1978m-words#@rvm1978m#198.352#198.8
525	[нрзб]	_	_	_	_	_	_	_	@rvm1978m-words#@rvm1978m#198.8#199.248
526	розовыми	_	_	_	_	_	_	_	@rvm1978m-words#@rvm1978m#199.248#199.696
527	закатами	_	_	_	_	_	_	_	@rvm1978m-words#@rvm1978m#199.696#200.144
528	в	_	_	_	_	_	_	_	@rvm1978m-words#@rvm1978m#200.144#200.592
529	Индии	_	_	_	_	_	_	_	@rvm1978m-words#@rvm1978m#200.592#201.04
530	природа	_	_	_	_	_	_	_	@rvm1978m-words#@rvm1978m#201.04#201.488
531	очень	_	_	_	_	_	_	_	@rvm1978m-words#@rvm1978m#201.488#201.936
532	разнообразна	_	_	_	_	_	_	_	@rvm1978m-words#@rvm1978m#201.936#202.384
533	она	_	_	_	_	_	_	_	@rvm1978m-words#@rvm1978m#202.384#202.832
534	даже	_	_	_	_	_	_	_	@rvm1978m-words#@rvm1978m#202.832#203.28
535	зиму	_	_	_	_	_	_	_	@rvm1978m-words#@rvm1978m#203.28#203.728
536	переживает	_	_	_	_	_	_	_	@rvm1978m-words#@rvm1978m#203.728#204.176
537	как	_	_	_	_	_	_	_	@rvm1978m-words#@rvm1978m#204.176#204.624
538	нечто	_	_	_	_	_	_	_	@rvm1978m-words#@rvm1978m#204.624#205.072
539	разнообразное	_	_	_	_	_	_	_	@rvm1978m-words#@rvm1978m#205.072#205.57
540	ну	_	_	_	_	_	_	_	@rvm1978m-words#@rvm1978m#213.63#214.007
541	мне	_	_	_	_	_	_	_	@rvm1978m-words#@rvm1978m#214.007#214.384
542	кажется	_	_	_	_	_	_	_	@rvm1978m-words#@rvm1978m#214.384#214.761
543	я	_	_	_	_	_	_	_	@rvm1978m-words#@rvm1978m#214.761#215.138
544	более	_	_	_	_	_	_	_	@rvm1978m-words#@rvm1978m#215.138#215.515
545	гуманитарного	_	_	_	_	_	_	_	@rvm1978m-words#@rvm1978m#215.515#215.892
546	склада	_	_	_	_	_	_	_	@rvm1978m-words#@rvm1978m#215.892#216.269
547	человек	_	_	_	_	_	_	_	@rvm1978m-words#@rvm1978m#216.269#216.646
548	конечно	_	_	_	_	_	_	_	@rvm1978m-words#@rvm1978m#216.646#217.023
549	если	_	_	_	_	_	_	_	@rvm1978m-words#@rvm1978m#217.023#217.4
550	так	_	_	_	_	_	_	_	@rvm1978m-words#@rvm1978m#217.4#217.777
551	/	_	_	_	_	_	_	_	@rvm1978m-words#@rvm1978m#217.777#218.154
552	брать	_	_	_	_	_	_	_	@rvm1978m-words#@rvm1978m#218.154#218.531
553	две	_	_	_	_	_	_	_	@rvm1978m-words#@rvm1978m#218.531#218.908
554	крайности	_	_	_	_	_	_	_	@rvm1978m-words#@rvm1978m#218.908#219.285
555	техническую	_	_	_	_	_	_	_	@rvm1978m-words#@rvm1978m#219.285#219.662
556	и	_	_	_	_	_	_	_	@rvm1978m-words#@rvm1978m#219.662#220.039
557	гуманитарную	_	_	_	_	_	_	_	@rvm1978m-words#@rvm1978m#220.039#220.43
558	меня	_	_	_	_	_	_	_	@rvm1978m-words#@rvm1978m#220.82#221.207
559	с	_	_	_	_	_	_	_	@rvm1978m-words#@rvm1978m#221.207#221.594
560	техническим	_	_	_	_	_	_	_	@rvm1978m-words#@rvm1978m#221.594#221.981
561	миром	_	_	_	_	_	_	_	@rvm1978m-words#@rvm1978m#221.981#222.368
562	вообще	_	_	_	_	_	_	_	@rvm1978m-words#@rvm1978m#222.368#222.755
563	ничто	_	_	_	_	_	_	_	@rvm1978m-words#@rvm1978m#222.755#223.142
564	не	_	_	_	_	_	_	_	@rvm1978m-words#@rvm1978m#223.142#223.529
565	роднит	_	_	_	_	_	_	_	@rvm1978m-words#@rvm1978m#223.529#223.916
566	[нрзб]	_	_	_	_	_	_	_	@rvm1978m-words#@rvm1978m#223.916#224.31
567	ну	_	_	_	_	_	_	_	@rvm1978m-words#@rvm1978m#225.41#225.82
568	да	_	_	_	_	_	_	_	@rvm1978m-words#@rvm1978m#225.82#226.23
569	понимаете	_	_	_	_	_	_	_	@rvm1978m-words#@rvm1978m#226.9#227.318
570	математика	_	_	_	_	_	_	_	@rvm1978m-words#@rvm1978m#227.318#227.736
571	это	_	_	_	_	_	_	_	@rvm1978m-words#@rvm1978m#227.736#228.154
572	всё-таки	_	_	_	_	_	_	_	@rvm1978m-words#@rvm1978m#228.154#228.572
573	не	_	_	_	_	_	_	_	@rvm1978m-words#@rvm1978m#228.572#228.99
574	физика	_	_	_	_	_	_	_	@rvm1978m-words#@rvm1978m#228.99#229.408
575	да	_	_	_	_	_	_	_	@rvm1978m-words#@rvm1978m#229.408#229.826
576	это	_	_	_	_	_	_	_	@rvm1978m-words#@rvm1978m#229.826#230.244
577	физика	_	_	_	_	_	_	_	@rvm1978m-words#@rvm1978m#230.244#230.662
578	любого	_	_	_	_	_	_	_	@rvm1978m-words#@rvm1978m#230.662#231.08
579	возьмите	_	_	_	_	_	_	_	@rvm1978m-words#@rvm1978m#231.08#231.498
580	там	_	_	_	_	_	_	_	@rvm1978m-words#@rvm1978m#231.498#231.916
581	скорее	_	_	_	_	_	_	_	@rvm1978m-words#@rvm1978m#231.916#232.334
582	всего	_	_	_	_	_	_	_	@rvm1978m-words#@rvm1978m#232.334#232.752
583	/	_	_	_	_	_	_	_	@rvm1978m-words#@rvm1978m#232.752#233.17
584	полная	_	_	_	_	_	_	_	@rvm1978m-words#@rvm1978m#233.17#233.588
585	пачка	_	_	_	_	_	_	_	@rvm1978m-words#@rvm1978m#233.588#234.006
586	там	_	_	_	_	_	_	_	@rvm1978m-words#@rvm1978m#234.006#234.424
587	атеизм	_	_	_	_	_	_	_	@rvm1978m-words#@rvm1978m#234.424#234.842
588	агностицизм	_	_	_	_	_	_	_	@rvm1978m-words#@rvm1978m#234.842#235.26
589	и	_	_	_	_	_	_	_	@rvm1978m-words#@rvm1978m#235.26#235.678
590	ещё	_	_	_	_	_	_	_	@rvm1978m-words#@rvm1978m#235.678#236.096
591	какой-нибудь	_	_	_	_	_	_	_	@rvm1978m-words#@rvm1978m#236.096#236.514
592	позитивизм	_	_	_	_	_	_	_	@rvm1978m-words#@rvm1978m#236.514#236.932
593	сайентизм	_	_	_	_	_	_	_	@rvm1978m-words#@rvm1978m#236.932#237.35
594	и	_	_	_	_	_	_	_	@rvm1978m-words#@rvm1978m#237.35#237.768
595	все	_	_	_	_	_	_	_	@rvm1978m-words#@rvm1978m#237.768#238.186
596	вот	_	_	_	_	_	_	_	@rvm1978m-words#@rvm1978m#238.186#238.604
597	эти	_	_	_	_	_	_	_	@rvm1978m-words#@rvm1978m#238.604#239.022
598	глупости	_	_	_	_	_	_	_	@rvm1978m-words#@rvm1978m#239.022#239.44
599	вот	_	_	_	_	_	_	_	@rvm1978m-words#@rvm1978m#239.44#239.858
600	слитые	_	_	_	_	_	_	_	@rvm1978m-words#@rvm1978m#239.858#240.276
601	в	_	_	_	_	_	_	_	@rvm1978m-words#@rvm1978m#240.276#240.694
602	одном	_	_	_	_	_	_	_	@rvm1978m-words#@rvm1978m#240.694#241.112
603	флаконе	_	_	_	_	_	_	_	@rvm1978m-words#@rvm1978m#241.112#241.53
604	полный	_	_	_	_	_	_	_	@rvm1978m-words#@rvm1978m#241.53#241.948
605	кошмар	_	_	_	_	_	_	_	@rvm1978m-words#@rvm1978m#241.948#242.366
606	вообще	_	_	_	_	_	_	_	@rvm1978m-words#@rvm1978m#242.366#242.82
607	человек	_	_	_	_	_	_	_	@rvm1978m-words#@rvm1978m#243.32#243.917
608	просто	_	_	_	_	_	_	_	@rvm1978m-words#@rvm1978m#243.917#244.514
609	превращён	_	_	_	_	_	_	_	@rvm1978m-words#@rvm1978m#244.514#245.111
610	в	_	_	_	_	_	_	_	@rvm1978m-words#@rvm1978m#245.111#245.708
611	какую-то	_	_	_	_	_	_	_	@rvm1978m-words#@rvm1978m#245.708#246.305
612	/	_	_	_	_	_	_	_	@rvm1978m-words#@rvm1978m#246.305#246.902
613	такую	_	_	_	_	_	_	_	@rvm1978m-words#@rvm1978m#246.902#247.499
614	биомассу	_	_	_	_	_	_	_	@rvm1978m-words#@rvm1978m#247.499#248.096
615	/	_	_	_	_	_	_	_	@rvm1978m-words#@rvm1978m#248.096#248.693
616	мыслительно	_	_	_	_	_	_	_	@rvm1978m-words#@rvm1978m#248.693#249.29
617	а	_	_	_	_	_	_	_	@rvm1978m-words#@rvm1978m#249.29#249.887
618	алгоритмически	_	_	_	_	_	_	_	@rvm1978m-words#@rvm1978m#249.887#250.484
619	м-мыслительную	_	_	_	_	_	_	_	@rvm1978m-words#@rvm1978m#250.484#251.081
620	вот	_	_	_	_	_	_	_	@rvm1978m-words#@rvm1978m#251.081#251.678
621	наборами	_	_	_	_	_	_	_	@rvm1978m-words#@rvm1978m#251.678#252.275
622	шаблонов	_	_	_	_	_	_	_	@rvm1978m-words#@rvm1978m#252.275#252.872
623	математики	_	_	_	_	_	_	_	@rvm1978m-words#@rvm1978m#252.872#253.469
624	сложней	_	_	_	_	_	_	_	@rvm1978m-words#@rvm1978m#253.469#254.066
625	понимаете	_	_	_	_	_	_	_	@rvm1978m-words#@rvm1978m#254.066#254.663
626	/	_	_	_	_	_	_	_	@rvm1978m-words#@rvm1978m#254.663#255.26
627	математики	_	_	_	_	_	_	_	@rvm1978m-words#@rvm1978m#255.26#255.857
628	они	_	_	_	_	_	_	_	@rvm1978m-words#@rvm1978m#255.857#256.454
629	/	_	_	_	_	_	_	_	@rvm1978m-words#@rvm1978m#256.454#257.051
630	такие	_	_	_	_	_	_	_	@rvm1978m-words#@rvm1978m#257.051#257.648
631	допущения	_	_	_	_	_	_	_	@rvm1978m-words#@rvm1978m#257.648#258.245
632	используют	_	_	_	_	_	_	_	@rvm1978m-words#@rvm1978m#258.245#258.842
633	они	_	_	_	_	_	_	_	@rvm1978m-words#@rvm1978m#258.842#259.439
634	настолько	_	_	_	_	_	_	_	@rvm1978m-words#@rvm1978m#259.439#260.036
635	абстрактно	_	_	_	_	_	_	_	@rvm1978m-words#@rvm1978m#260.036#260.633
636	мыслят	_	_	_	_	_	_	_	@rvm1978m-words#@rvm1978m#260.633#261.24
637	по-моему	_	_	_	_	_	_	_	@rvm1978m-words#@rvm1978m#261.93#262.318
638	среди	_	_	_	_	_	_	_	@rvm1978m-words#@rvm1978m#262.318#262.706
639	математиков	_	_	_	_	_	_	_	@rvm1978m-words#@rvm1978m#262.706#263.094
640	много	_	_	_	_	_	_	_	@rvm1978m-words#@rvm1978m#263.094#263.482
641	верующих	_	_	_	_	_	_	_	@rvm1978m-words#@rvm1978m#263.482#263.87
642	людей	_	_	_	_	_	_	_	@rvm1978m-words#@rvm1978m#263.87#264.258
643	много	_	_	_	_	_	_	_	@rvm1978m-words#@rvm1978m#264.258#264.646
644	людей	_	_	_	_	_	_	_	@rvm1978m-words#@rvm1978m#264.646#265.034
645	творческих	_	_	_	_	_	_	_	@rvm1978m-words#@rvm1978m#265.034#265.422
646	то	_	_	_	_	_	_	_	@rvm1978m-words#@rvm1978m#265.422#265.81
647	есть	_	_	_	_	_	_	_	@rvm1978m-words#@rvm1978m#265.81#266.198
648	математики	_	_	_	_	_	_	_	@rvm1978m-words#@rvm1978m#266.198#266.586
649	конечно	_	_	_	_	_	_	_	@rvm1978m-words#@rvm1978m#266.586#266.974
650	интереснее	_	_	_	_	_	_	_	@rvm1978m-words#@rvm1978m#266.974#267.37
651	ну	_	_	_	_	_	_	_	@rvm1978m-words#@rvm1978m#272.24#272.66
652	она	_	_	_	_	_	_	_	@rvm1978m-words#@rvm1978m#272.66#273.08
653	отвлечена	_	_	_	_	_	_	_	@rvm1978m-words#@rvm1978m#273.08#273.5
654	от	_	_	_	_	_	_	_	@rvm1978m-words#@rvm1978m#273.5#273.92
655	всех	_	_	_	_	_	_	_	@rvm1978m-words#@rvm1978m#273.92#274.34
656	практически	_	_	_	_	_	_	_	@rvm1978m-words#@rvm1978m#274.34#274.76
657	реалий	_	_	_	_	_	_	_	@rvm1978m-words#@rvm1978m#274.76#275.18
658	/	_	_	_	_	_	_	_	@rvm1978m-words#@rvm1978m#275.18#275.6
659	и	_	_	_	_	_	_	_	@rvm1978m-words#@rvm1978m#275.6#276.02
660	и	_	_	_	_	_	_	_	@rvm1978m-words#@rvm1978m#276.02#276.44
661	она	_	_	_	_	_	_	_	@rvm1978m-words#@rvm1978m#276.44#276.86
662	может	_	_	_	_	_	_	_	@rvm1978m-words#@rvm1978m#276.86#277.28
663	существовать	_	_	_	_	_	_	_	@rvm1978m-words#@rvm1978m#277.28#277.7
664	как	_	_	_	_	_	_	_	@rvm1978m-words#@rvm1978m#277.7#278.12
665	первообраз	_	_	_	_	_	_	_	@rvm1978m-words#@rvm1978m#278.12#278.54
666	всего	_	_	_	_	_	_	_	@rvm1978m-words#@rvm1978m#278.54#278.96
667	/	_	_	_	_	_	_	_	@rvm1978m-words#@rvm1978m#278.96#279.38
668	то	_	_	_	_	_	_	_	@rvm1978m-words#@rvm1978m#279.38#279.8
669	есть	_	_	_	_	_	_	_	@rvm1978m-words#@rvm1978m#279.8#280.22
670	она	_	_	_	_	_	_	_	@rvm1978m-words#@rvm1978m#280.22#280.64
671	может	_	_	_	_	_	_	_	@rvm1978m-words#@rvm1978m#280.64#281.06
672	реализовываться	_	_	_	_	_	_	_	@rvm1978m-words#@rvm1978m#281.06#281.48
673	где	_	_	_	_	_	_	_	@rvm1978m-words#@rvm1978m#281.83#282.151
674	мы	_	_	_	_	_	_	_	@rvm1978m-words#@rvm1978m#282.151#282.472
675	захотим	_	_	_	_	_	_	_	@rvm1978m-words#@rvm1978m#282.472#282.793
676	ну	_	_	_	_	_	_	_	@rvm1978m-words#@rvm1978m#282.793#283.114
677	знаете	_	_	_	_	_	_	_	@rvm1978m-words#@rvm1978m#283.114#283.435
678	как	_	_	_	_	_	_	_	@rvm1978m-words#@rvm1978m#283.435#283.756
679	обозначим	_	_	_	_	_	_	_	@rvm1978m-words#@rvm1978m#283.756#284.077
680	через	_	_	_	_	_	_	_	@rvm1978m-words#@rvm1978m#284.077#284.398
681	икс	_	_	_	_	_	_	_	@rvm1978m-words#@rvm1978m#284.398#284.719
682	/	_	_	_	_	_	_	_	@rvm1978m-words#@rvm1978m#284.719#285.04
683	да	_	_	_	_	_	_	_	@rvm1978m-words#@rvm1978m#285.04#285.37
684	а	_	_	_	_	_	_	_	@rvm1978m-words#@rvm1978m#285.97#286.324
685	че	_	_	_	_	_	_	_	@rvm1978m-words#@rvm1978m#286.324#286.678
686	икс	_	_	_	_	_	_	_	@rvm1978m-words#@rvm1978m#286.678#287.032
687	какой	_	_	_	_	_	_	_	@rvm1978m-words#@rvm1978m#287.032#287.386
688	икс	_	_	_	_	_	_	_	@rvm1978m-words#@rvm1978m#287.386#287.74
689	ваще	_	_	_	_	_	_	_	@rvm1978m-words#@rvm1978m#287.74#288.094
690	/	_	_	_	_	_	_	_	@rvm1978m-words#@rvm1978m#288.094#288.448
691	вот	_	_	_	_	_	_	_	@rvm1978m-words#@rvm1978m#288.448#288.802
692	мы	_	_	_	_	_	_	_	@rvm1978m-words#@rvm1978m#288.802#289.156
693	начинаем	_	_	_	_	_	_	_	@rvm1978m-words#@rvm1978m#289.156#289.51
694	с	_	_	_	_	_	_	_	@rvm1978m-words#@rvm1978m#289.51#289.864
695	первой	_	_	_	_	_	_	_	@rvm1978m-words#@rvm1978m#289.864#290.218
696	абстракции	_	_	_	_	_	_	_	@rvm1978m-words#@rvm1978m#290.218#290.572
697	да	_	_	_	_	_	_	_	@rvm1978m-words#@rvm1978m#290.572#290.926
698	икс	_	_	_	_	_	_	_	@rvm1978m-words#@rvm1978m#290.926#291.28
699	/	_	_	_	_	_	_	_	@rvm1978m-words#@rvm1978m#291.28#291.634
700	икс	_	_	_	_	_	_	_	@rvm1978m-words#@rvm1978m#291.634#291.988
701	это	_	_	_	_	_	_	_	@rvm1978m-words#@rvm1978m#291.988#292.342
702	какое-то	_	_	_	_	_	_	_	@rvm1978m-words#@rvm1978m#292.342#292.696
703	вместилище	_	_	_	_	_	_	_	@rvm1978m-words#@rvm1978m#292.696#293.05
704	вообще	_	_	_	_	_	_	_	@rvm1978m-words#@rvm1978m#293.05#293.404
705	невесть	_	_	_	_	_	_	_	@rvm1978m-words#@rvm1978m#293.404#293.758
706	чего	_	_	_	_	_	_	_	@rvm1978m-words#@rvm1978m#293.758#294.112
707	/	_	_	_	_	_	_	_	@rvm1978m-words#@rvm1978m#294.112#294.466
708	но	_	_	_	_	_	_	_	@rvm1978m-words#@rvm1978m#294.466#294.82
709	мы	_	_	_	_	_	_	_	@rvm1978m-words#@rvm1978m#294.82#295.174
710	это	_	_	_	_	_	_	_	@rvm1978m-words#@rvm1978m#295.174#295.528
711	понимаем	_	_	_	_	_	_	_	@rvm1978m-words#@rvm1978m#295.528#295.882
712	наше	_	_	_	_	_	_	_	@rvm1978m-words#@rvm1978m#295.882#296.236
713	мышление	_	_	_	_	_	_	_	@rvm1978m-words#@rvm1978m#296.236#296.59
714	с	_	_	_	_	_	_	_	@rvm1978m-words#@rvm1978m#296.59#296.944
715	этим	_	_	_	_	_	_	_	@rvm1978m-words#@rvm1978m#296.944#297.298
716	оперирует	_	_	_	_	_	_	_	@rvm1978m-words#@rvm1978m#297.298#297.652
717	вполне	_	_	_	_	_	_	_	@rvm1978m-words#@rvm1978m#297.652#298.006
718	качественно	_	_	_	_	_	_	_	@rvm1978m-words#@rvm1978m#298.006#298.36
719	то	_	_	_	_	_	_	_	@rvm1978m-words#@rvm1978m#298.36#298.714
720	есть	_	_	_	_	_	_	_	@rvm1978m-words#@rvm1978m#298.714#299.068
721	мы	_	_	_	_	_	_	_	@rvm1978m-words#@rvm1978m#299.068#299.422
722	берём	_	_	_	_	_	_	_	@rvm1978m-words#@rvm1978m#299.422#299.81
723	и	_	_	_	_	_	_	_	@rvm1978m-words#@rvm1978m#300.04#300.415
724	видим	_	_	_	_	_	_	_	@rvm1978m-words#@rvm1978m#300.415#300.79
725	как	_	_	_	_	_	_	_	@rvm1978m-words#@rvm1978m#300.79#301.165
726	это	_	_	_	_	_	_	_	@rvm1978m-words#@rvm1978m#301.165#301.54
727	устроено	_	_	_	_	_	_	_	@rvm1978m-words#@rvm1978m#301.54#301.915
728	поразительно	_	_	_	_	_	_	_	@rvm1978m-words#@rvm1978m#301.915#302.29
729	да	_	_	_	_	_	_	_	@rvm1978m-words#@rvm1978m#310.06#310.64
730	да	_	_	_	_	_	_	_	@rvm1978m-words#@rvm1978m#310.64#311.22
731	абсолютно	_	_	_	_	_	_	_	@rvm1978m-words#@rvm1978m#313.26#314.38
732	абсолютно	_	_	_	_	_	_	_	@rvm1978m-words#@rvm1978m#314.38#315.5
733	в	_	_	_	_	_	_	_	@rvm1978m-words#@rvm1978m#320.23#320.603
734	принципе	_	_	_	_	_	_	_	@rvm1978m-words#@rvm1978m#320.603#320.976
735	так	_	_	_	_	_	_	_	@rvm1978m-words#@rvm1978m#320.976#321.349
736	да	_	_	_	_	_	_	_	@rvm1978m-words#@rvm1978m#321.349#321.722
737	и	_	_	_	_	_	_	_	@rvm1978m-words#@rvm1978m#321.722#322.095
738	это	_	_	_	_	_	_	_	@rvm1978m-words#@rvm1978m#322.095#322.468
739	мм	_	_	_	_	_	_	_	@rvm1978m-words#@rvm1978m#322.468#322.841
740	/	_	_	_	_	_	_	_	@rvm1978m-words#@rvm1978m#322.841#323.214
741	такая	_	_	_	_	_	_	_	@rvm1978m-words#@rvm1978m#323.214#323.587
742	составляющая	_	_	_	_	_	_	_	@rvm1978m-words#@rvm1978m#323.587#323.96
743	нашего	_	_	_	_	_	_	_	@rvm1978m-words#@rvm1978m#323.96#324.333
744	арта	_	_	_	_	_	_	_	@rvm1978m-words#@rvm1978m#324.333#324.706
745	нашей	_	_	_	_	_	_	_	@rvm1978m-words#@rvm1978m#324.706#325.079
746	арт-среды	_	_	_	_	_	_	_	@rvm1978m-words#@rvm1978m#325.079#325.452
747	/	_	_	_	_	_	_	_	@rvm1978m-words#@rvm1978m#325.452#325.825
748	где	_	_	_	_	_	_	_	@rvm1978m-words#@rvm1978m#325.825#326.198
749	икс	_	_	_	_	_	_	_	@rvm1978m-words#@rvm1978m#326.198#326.571
750	/	_	_	_	_	_	_	_	@rvm1978m-words#@rvm1978m#326.571#326.944
751	с	_	_	_	_	_	_	_	@rvm1978m-words#@rvm1978m#326.944#327.317
752	несколькими	_	_	_	_	_	_	_	@rvm1978m-words#@rvm1978m#327.317#327.69
753	буквами	_	_	_	_	_	_	_	@rvm1978m-words#@rvm1978m#327.69#328.063
754	это	_	_	_	_	_	_	_	@rvm1978m-words#@rvm1978m#328.063#328.436
755	тоже	_	_	_	_	_	_	_	@rvm1978m-words#@rvm1978m#328.436#328.809
756	архетип	_	_	_	_	_	_	_	@rvm1978m-words#@rvm1978m#328.809#329.182
757	/	_	_	_	_	_	_	_	@rvm1978m-words#@rvm1978m#329.182#329.555
758	архетип	_	_	_	_	_	_	_	@rvm1978m-words#@rvm1978m#329.555#329.928
759	русского	_	_	_	_	_	_	_	@rvm1978m-words#@rvm1978m#329.928#330.301
760	сознания	_	_	_	_	_	_	_	@rvm1978m-words#@rvm1978m#330.301#330.674
761	/	_	_	_	_	_	_	_	@rvm1978m-words#@rvm1978m#330.674#331.047
762	который	_	_	_	_	_	_	_	@rvm1978m-words#@rvm1978m#331.047#331.42
763	действительно	_	_	_	_	_	_	_	@rvm1978m-words#@rvm1978m#331.42#331.793
764	реализован	_	_	_	_	_	_	_	@rvm1978m-words#@rvm1978m#331.793#332.166
765	везде	_	_	_	_	_	_	_	@rvm1978m-words#@rvm1978m#332.166#332.539
766	и	_	_	_	_	_	_	_	@rvm1978m-words#@rvm1978m#332.539#332.912
767	это	_	_	_	_	_	_	_	@rvm1978m-words#@rvm1978m#332.912#333.285
768	тоже	_	_	_	_	_	_	_	@rvm1978m-words#@rvm1978m#333.285#333.658
769	абстракция	_	_	_	_	_	_	_	@rvm1978m-words#@rvm1978m#333.658#334.031
770	потому	_	_	_	_	_	_	_	@rvm1978m-words#@rvm1978m#334.031#334.404
771	что	_	_	_	_	_	_	_	@rvm1978m-words#@rvm1978m#334.404#334.777
772	это	_	_	_	_	_	_	_	@rvm1978m-words#@rvm1978m#334.777#335.15
773	каждый	_	_	_	_	_	_	_	@rvm1978m-words#@rvm1978m#335.15#335.523
774	понимает	_	_	_	_	_	_	_	@rvm1978m-words#@rvm1978m#335.523#335.896
775	по-своему	_	_	_	_	_	_	_	@rvm1978m-words#@rvm1978m#335.896#336.29
776	это	_	_	_	_	_	_	_	@rvm1978m-words#@rvm1978m#336.72#337.106
777	очень	_	_	_	_	_	_	_	@rvm1978m-words#@rvm1978m#337.106#337.492
778	емкая	_	_	_	_	_	_	_	@rvm1978m-words#@rvm1978m#337.492#337.878
779	абстракция	_	_	_	_	_	_	_	@rvm1978m-words#@rvm1978m#337.878#338.264
780	как	_	_	_	_	_	_	_	@rvm1978m-words#@rvm1978m#338.264#338.65
781	вообще	_	_	_	_	_	_	_	@rvm1978m-words#@rvm1978m#338.65#339.036
782	русский	_	_	_	_	_	_	_	@rvm1978m-words#@rvm1978m#339.036#339.422
783	мат	_	_	_	_	_	_	_	@rvm1978m-words#@rvm1978m#339.422#339.808
784	в	_	_	_	_	_	_	_	@rvm1978m-words#@rvm1978m#339.808#340.194
785	целом	_	_	_	_	_	_	_	@rvm1978m-words#@rvm1978m#340.194#340.58
786	/	_	_	_	_	_	_	_	@rvm1978m-words#@rvm1978m#340.58#340.966
787	то	_	_	_	_	_	_	_	@rvm1978m-words#@rvm1978m#340.966#341.352
788	есть	_	_	_	_	_	_	_	@rvm1978m-words#@rvm1978m#341.352#341.738
789	мы	_	_	_	_	_	_	_	@rvm1978m-words#@rvm1978m#341.738#342.124
790	можем	_	_	_	_	_	_	_	@rvm1978m-words#@rvm1978m#342.124#342.51
791	э	_	_	_	_	_	_	_	@rvm1978m-words#@rvm1978m#342.51#342.896
792	парочкой	_	_	_	_	_	_	_	@rvm1978m-words#@rvm1978m#342.896#343.282
793	слов	_	_	_	_	_	_	_	@rvm1978m-words#@rvm1978m#343.282#343.668
794	/	_	_	_	_	_	_	_	@rvm1978m-words#@rvm1978m#343.668#344.054
795	ну	_	_	_	_	_	_	_	@rvm1978m-words#@rvm1978m#344.054#344.44
796	здесь	_	_	_	_	_	_	_	@rvm1978m-words#@rvm1978m#344.44#344.826
797	запрещено	_	_	_	_	_	_	_	@rvm1978m-words#@rvm1978m#344.826#345.212
798	конечно	_	_	_	_	_	_	_	@rvm1978m-words#@rvm1978m#345.212#345.598
799	парочкой	_	_	_	_	_	_	_	@rvm1978m-words#@rvm1978m#345.598#345.984
800	слов	_	_	_	_	_	_	_	@rvm1978m-words#@rvm1978m#345.984#346.37
801	мы	_	_	_	_	_	_	_	@rvm1978m-words#@rvm1978m#346.37#346.756
802	можем	_	_	_	_	_	_	_	@rvm1978m-words#@rvm1978m#346.756#347.142
803	вы-выражать	_	_	_	_	_	_	_	@rvm1978m-words#@rvm1978m#347.142#347.528
804	очень	_	_	_	_	_	_	_	@rvm1978m-words#@rvm1978m#347.528#347.914
805	емкие	_	_	_	_	_	_	_	@rvm1978m-words#@rvm1978m#347.914#348.3
806	концепции	_	_	_	_	_	_	_	@rvm1978m-words#@rvm1978m#348.3#348.686
807	которые	_	_	_	_	_	_	_	@rvm1978m-words#@rvm1978m#348.686#349.072
808	действительно	_	_	_	_	_	_	_	@rvm1978m-words#@rvm1978m#349.072#349.458
809	будут	_	_	_	_	_	_	_	@rvm1978m-words#@rvm1978m#349.458#349.844
810	восприниматься	_	_	_	_	_	_	_	@rvm1978m-words#@rvm1978m#349.844#350.23
811	разными	_	_	_	_	_	_	_	@rvm1978m-words#@rvm1978m#350.23#350.616
812	людьми	_	_	_	_	_	_	_	@rvm1978m-words#@rvm1978m#350.616#351.002
813	по-разному	_	_	_	_	_	_	_	@rvm1978m-words#@rvm1978m#351.002#351.388
814	абсолютно	_	_	_	_	_	_	_	@rvm1978m-words#@rvm1978m#351.388#351.79
815	по-разному	_	_	_	_	_	_	_	@rvm1978m-words#@rvm1978m#352.25#352.569
816	даже	_	_	_	_	_	_	_	@rvm1978m-words#@rvm1978m#352.569#352.888
817	одним	_	_	_	_	_	_	_	@rvm1978m-words#@rvm1978m#352.888#353.207
818	словом	_	_	_	_	_	_	_	@rvm1978m-words#@rvm1978m#353.207#353.526
819	мы	_	_	_	_	_	_	_	@rvm1978m-words#@rvm1978m#353.526#353.845
820	можем	_	_	_	_	_	_	_	@rvm1978m-words#@rvm1978m#353.845#354.164
821	выражать	_	_	_	_	_	_	_	@rvm1978m-words#@rvm1978m#354.164#354.483
822	/	_	_	_	_	_	_	_	@rvm1978m-words#@rvm1978m#354.483#354.802
823	вот	_	_	_	_	_	_	_	@rvm1978m-words#@rvm1978m#354.802#355.121
824	целые	_	_	_	_	_	_	_	@rvm1978m-words#@rvm1978m#355.121#355.44
825	метафизические	_	_	_	_	_	_	_	@rvm1978m-words#@rvm1978m#355.44#355.759
826	глубины	_	_	_	_	_	_	_	@rvm1978m-words#@rvm1978m#355.759#356.078
827	это	_	_	_	_	_	_	_	@rvm1978m-words#@rvm1978m#356.078#356.397
828	большой	_	_	_	_	_	_	_	@rvm1978m-words#@rvm1978m#356.397#356.716
829	дар	_	_	_	_	_	_	_	@rvm1978m-words#@rvm1978m#356.716#357.04
830	нуу	_	_	_	_	_	_	_	@rvm1978m-words#@rvm1978m#379.73#380.062
831	это	_	_	_	_	_	_	_	@rvm1978m-words#@rvm1978m#380.062#380.394
832	такая	_	_	_	_	_	_	_	@rvm1978m-words#@rvm1978m#380.394#380.726
833	/	_	_	_	_	_	_	_	@rvm1978m-words#@rvm1978m#380.726#381.058
834	блатная	_	_	_	_	_	_	_	@rvm1978m-words#@rvm1978m#381.058#381.39
835	романтика	_	_	_	_	_	_	_	@rvm1978m-words#@rvm1978m#381.39#381.722
836	очень	_	_	_	_	_	_	_	@rvm1978m-words#@rvm1978m#381.722#382.054
837	лёгкая	_	_	_	_	_	_	_	@rvm1978m-words#@rvm1978m#382.054#382.386
838	в	_	_	_	_	_	_	_	@rvm1978m-words#@rvm1978m#382.386#382.718
839	общем-то	_	_	_	_	_	_	_	@rvm1978m-words#@rvm1978m#382.718#383.05
840	песня	_	_	_	_	_	_	_	@rvm1978m-words#@rvm1978m#383.05#383.382
841	/	_	_	_	_	_	_	_	@rvm1978m-words#@rvm1978m#383.382#383.714
842	все	_	_	_	_	_	_	_	@rvm1978m-words#@rvm1978m#383.714#384.046
843	эти	_	_	_	_	_	_	_	@rvm1978m-words#@rvm1978m#384.046#384.378
844	песни	_	_	_	_	_	_	_	@rvm1978m-words#@rvm1978m#384.378#384.71
845	для	_	_	_	_	_	_	_	@rvm1978m-words#@rvm1978m#384.71#385.042
846	интеллигенции	_	_	_	_	_	_	_	@rvm1978m-words#@rvm1978m#385.042#385.374
847	все	_	_	_	_	_	_	_	@rvm1978m-words#@rvm1978m#385.374#385.706
848	песни	_	_	_	_	_	_	_	@rvm1978m-words#@rvm1978m#385.706#386.038
849	заказаны	_	_	_	_	_	_	_	@rvm1978m-words#@rvm1978m#386.038#386.37
850	это	_	_	_	_	_	_	_	@rvm1978m-words#@rvm1978m#386.37#386.702
851	для	_	_	_	_	_	_	_	@rvm1978m-words#@rvm1978m#386.702#387.034
852	интеллигенции	_	_	_	_	_	_	_	@rvm1978m-words#@rvm1978m#387.034#387.366
853	#смеются#	_	_	_	_	_	_	_	@rvm1978m-words#@rvm1978m#387.366#387.698
854	/	_	_	_	_	_	_	_	@rvm1978m-words#@rvm1978m#387.698#388.03
855	я	_	_	_	_	_	_	_	@rvm1978m-words#@rvm1978m#388.03#388.362
856	эти	_	_	_	_	_	_	_	@rvm1978m-words#@rvm1978m#388.362#388.694
857	песни	_	_	_	_	_	_	_	@rvm1978m-words#@rvm1978m#388.694#389.026
858	посвящаю	_	_	_	_	_	_	_	@rvm1978m-words#@rvm1978m#389.026#389.358
859	своим	_	_	_	_	_	_	_	@rvm1978m-words#@rvm1978m#389.358#389.69
860	коллегам	_	_	_	_	_	_	_	@rvm1978m-words#@rvm1978m#389.69#390.022
861	особенно	_	_	_	_	_	_	_	@rvm1978m-words#@rvm1978m#390.022#390.354
862	зарубежным	_	_	_	_	_	_	_	@rvm1978m-words#@rvm1978m#390.354#390.686
863	которые	_	_	_	_	_	_	_	@rvm1978m-words#@rvm1978m#390.686#391.018
864	читают	_	_	_	_	_	_	_	@rvm1978m-words#@rvm1978m#391.018#391.35
865	там	_	_	_	_	_	_	_	@rvm1978m-words#@rvm1978m#391.35#391.682
866	разные	_	_	_	_	_	_	_	@rvm1978m-words#@rvm1978m#391.682#392.014
867	блоги	_	_	_	_	_	_	_	@rvm1978m-words#@rvm1978m#392.014#392.346
868	и	_	_	_	_	_	_	_	@rvm1978m-words#@rvm1978m#392.346#392.678
869	считают	_	_	_	_	_	_	_	@rvm1978m-words#@rvm1978m#392.678#393.01
870	что	_	_	_	_	_	_	_	@rvm1978m-words#@rvm1978m#393.01#393.342
871	Россия	_	_	_	_	_	_	_	@rvm1978m-words#@rvm1978m#393.342#393.674
872	это	_	_	_	_	_	_	_	@rvm1978m-words#@rvm1978m#393.674#394.006
873	полный	_	_	_	_	_	_	_	@rvm1978m-words#@rvm1978m#394.006#394.338
874	мрак	_	_	_	_	_	_	_	@rvm1978m-words#@rvm1978m#394.338#394.67
875	и	_	_	_	_	_	_	_	@rvm1978m-words#@rvm1978m#394.67#395.002
876	ужас	_	_	_	_	_	_	_	@rvm1978m-words#@rvm1978m#395.002#395.35
877	нет	_	_	_	_	_	_	_	@rvm1978m-words#@rvm1978m#395.73#396.11
878	не	_	_	_	_	_	_	_	@rvm1978m-words#@rvm1978m#396.11#396.49
879	всё	_	_	_	_	_	_	_	@rvm1978m-words#@rvm1978m#396.49#396.87
880	так	_	_	_	_	_	_	_	@rvm1978m-words#@rvm1978m#396.87#397.25
881	плохо	_	_	_	_	_	_	_	@rvm1978m-words#@rvm1978m#397.25#397.63
882	вот	_	_	_	_	_	_	_	@rvm1978m-words#@rvm1978m#397.63#398.01
883	посмотрите	_	_	_	_	_	_	_	@rvm1978m-words#@rvm1978m#398.01#398.39
884	как	_	_	_	_	_	_	_	@rvm1978m-words#@rvm1978m#398.39#398.77
885	мы	_	_	_	_	_	_	_	@rvm1978m-words#@rvm1978m#398.77#399.15
886	весело	_	_	_	_	_	_	_	@rvm1978m-words#@rvm1978m#399.15#399.53
887	живем	_	_	_	_	_	_	_	@rvm1978m-words#@rvm1978m#399.53#399.91
888	как	_	_	_	_	_	_	_	@rvm1978m-words#@rvm1978m#399.91#400.29
889	мы	_	_	_	_	_	_	_	@rvm1978m-words#@rvm1978m#400.29#400.67
890	воспринимаем	_	_	_	_	_	_	_	@rvm1978m-words#@rvm1978m#400.67#401.05
891	жизнь	_	_	_	_	_	_	_	@rvm1978m-words#@rvm1978m#401.05#401.43
892	и	_	_	_	_	_	_	_	@rvm1978m-words#@rvm1978m#402.55#402.95
893	в	_	_	_	_	_	_	_	@rvm1978m-words#@rvm1978m#402.95#403.35
894	целом	_	_	_	_	_	_	_	@rvm1978m-words#@rvm1978m#403.35#403.75
895	радость	_	_	_	_	_	_	_	@rvm1978m-words#@rvm1978m#403.75#404.15
896	то	_	_	_	_	_	_	_	@nn1982m-words#@nn1982m#205.56#205.993
897	есть	_	_	_	_	_	_	_	@nn1982m-words#@nn1982m#205.993#206.426
898	вы	_	_	_	_	_	_	_	@nn1982m-words#@nn1982m#206.426#206.859
899	нырнули	_	_	_	_	_	_	_	@nn1982m-words#@nn1982m#206.859#207.292
900	в	_	_	_	_	_	_	_	@nn1982m-words#@nn1982m#207.292#207.725
901	технические	_	_	_	_	_	_	_	@nn1982m-words#@nn1982m#207.725#208.158
902	дисциплины	_	_	_	_	_	_	_	@nn1982m-words#@nn1982m#208.158#208.591
903	вынырнули	_	_	_	_	_	_	_	@nn1982m-words#@nn1982m#208.591#209.024
904	в	_	_	_	_	_	_	_	@nn1982m-words#@nn1982m#209.024#209.457
905	них	_	_	_	_	_	_	_	@nn1982m-words#@nn1982m#209.457#209.89
906	скорее	_	_	_	_	_	_	_	@nn1982m-words#@nn1982m#209.89#210.323
907	да	_	_	_	_	_	_	_	@nn1982m-words#@nn1982m#210.323#210.756
908	/	_	_	_	_	_	_	_	@nn1982m-words#@nn1982m#210.756#211.189
909	из	_	_	_	_	_	_	_	@nn1982m-words#@nn1982m#211.189#211.622
910	гуманитарных	_	_	_	_	_	_	_	@nn1982m-words#@nn1982m#211.622#212.055
911	каких-то	_	_	_	_	_	_	_	@nn1982m-words#@nn1982m#212.055#212.488
912	таких	_	_	_	_	_	_	_	@nn1982m-words#@nn1982m#212.488#212.921
913	процессов	_	_	_	_	_	_	_	@nn1982m-words#@nn1982m#212.921#213.354
914	[нрзб]	_	_	_	_	_	_	_	@nn1982m-words#@nn1982m#213.354#213.8
915	говорит	_	_	_	_	_	_	_	@nn1982m-words#@nn1982m#224.23#224.805
916	математик	_	_	_	_	_	_	_	@nn1982m-words#@nn1982m#224.805#225.38
917	/	_	_	_	_	_	_	_	@nn1982m-words#@nn1982m#225.38#225.955
918	лауреат	_	_	_	_	_	_	_	@nn1982m-words#@nn1982m#225.955#226.53
919	нескольких	_	_	_	_	_	_	_	@nn1982m-words#@nn1982m#226.53#227.105
920	премий	_	_	_	_	_	_	_	@nn1982m-words#@nn1982m#227.105#227.68
921	в	_	_	_	_	_	_	_	@nn1982m-words#@nn1982m#302.32#302.628
922	глубине	_	_	_	_	_	_	_	@nn1982m-words#@nn1982m#302.628#302.936
923	мне	_	_	_	_	_	_	_	@nn1982m-words#@nn1982m#302.936#303.244
924	кажется	_	_	_	_	_	_	_	@nn1982m-words#@nn1982m#303.244#303.552
925	/	_	_	_	_	_	_	_	@nn1982m-words#@nn1982m#303.552#303.86
926	русского	_	_	_	_	_	_	_	@nn1982m-words#@nn1982m#303.86#304.168
927	архетипа	_	_	_	_	_	_	_	@nn1982m-words#@nn1982m#304.168#304.476
928	икс	_	_	_	_	_	_	_	@nn1982m-words#@nn1982m#304.476#304.784
929	в	_	_	_	_	_	_	_	@nn1982m-words#@nn1982m#304.784#305.092
930	принципе	_	_	_	_	_	_	_	@nn1982m-words#@nn1982m#305.092#305.4
931	имеет	_	_	_	_	_	_	_	@nn1982m-words#@nn1982m#305.4#305.708
932	очень	_	_	_	_	_	_	_	@nn1982m-words#@nn1982m#305.708#306.016
933	много	_	_	_	_	_	_	_	@nn1982m-words#@nn1982m#306.016#306.324
934	ассоциаций	_	_	_	_	_	_	_	@nn1982m-words#@nn1982m#306.324#306.64
935	этот	_	_	_	_	_	_	_	@nn1982m-words#@nn1982m#307.34#307.74
936	символ	_	_	_	_	_	_	_	@nn1982m-words#@nn1982m#307.74#308.14
937	похож	_	_	_	_	_	_	_	@nn1982m-words#@nn1982m#308.14#308.54
938	на	_	_	_	_	_	_	_	@nn1982m-words#@nn1982m#308.54#308.94
939	понятную	_	_	_	_	_	_	_	@nn1982m-words#@nn1982m#308.94#309.34
940	русскую	_	_	_	_	_	_	_	@nn1982m-words#@nn1982m#309.34#309.74
941	букву	_	_	_	_	_	_	_	@nn1982m-words#@nn1982m#309.74#310.14
942	со	_	_	_	_	_	_	_	@nn1982m-words#@nn1982m#310.14#310.54
943	всеми	_	_	_	_	_	_	_	@nn1982m-words#@nn1982m#310.54#310.94
944	вытекающими	_	_	_	_	_	_	_	@nn1982m-words#@nn1982m#310.94#311.34
945	это	_	_	_	_	_	_	_	@nn1982m-words#@nn1982m#311.68#312.29
946	вообще	_	_	_	_	_	_	_	@nn1982m-words#@nn1982m#312.29#312.9
947	бездна	_	_	_	_	_	_	_	@nn1982m-words#@nn1982m#312.9#313.51
948	а	_	_	_	_	_	_	_	@nn1982m-words#@nn1982m#315.22#315.527
949	если	_	_	_	_	_	_	_	@nn1982m-words#@nn1982m#315.527#315.834
950	добавить	_	_	_	_	_	_	_	@nn1982m-words#@nn1982m#315.834#316.141
951	ещё	_	_	_	_	_	_	_	@nn1982m-words#@nn1982m#316.141#316.448
952	пару	_	_	_	_	_	_	_	@nn1982m-words#@nn1982m#316.448#316.755
953	букв	_	_	_	_	_	_	_	@nn1982m-words#@nn1982m#316.755#317.062
954	то	_	_	_	_	_	_	_	@nn1982m-words#@nn1982m#317.062#317.369
955	это	_	_	_	_	_	_	_	@nn1982m-words#@nn1982m#317.369#317.676
956	просто	_	_	_	_	_	_	_	@nn1982m-words#@nn1982m#317.676#317.983
957	бездна	_	_	_	_	_	_	_	@nn1982m-words#@nn1982m#317.983#318.29
958	зафиксированная	_	_	_	_	_	_	_	@nn1982m-words#@nn1982m#318.29#318.597
959	/	_	_	_	_	_	_	_	@nn1982m-words#@nn1982m#318.597#318.904
960	в	_	_	_	_	_	_	_	@nn1982m-words#@nn1982m#318.904#319.211
961	научном	_	_	_	_	_	_	_	@nn1982m-words#@nn1982m#319.211#319.518
962	трактате	_	_	_	_	_	_	_	@nn1982m-words#@nn1982m#319.518#319.83
963	друзья	_	_	_	_	_	_	_	@nn1982m-words#@nn1982m#357.62#357.939
964	мои	_	_	_	_	_	_	_	@nn1982m-words#@nn1982m#357.939#358.258
965	давайте	_	_	_	_	_	_	_	@nn1982m-words#@nn1982m#358.258#358.577
966	по	_	_	_	_	_	_	_	@nn1982m-words#@nn1982m#358.577#358.896
967	заведённой	_	_	_	_	_	_	_	@nn1982m-words#@nn1982m#358.896#359.215
968	у	_	_	_	_	_	_	_	@nn1982m-words#@nn1982m#359.215#359.534
969	нас	_	_	_	_	_	_	_	@nn1982m-words#@nn1982m#359.534#359.853
970	традиции	_	_	_	_	_	_	_	@nn1982m-words#@nn1982m#359.853#360.172
971	сделаем	_	_	_	_	_	_	_	@nn1982m-words#@nn1982m#360.172#360.491
972	паузу	_	_	_	_	_	_	_	@nn1982m-words#@nn1982m#360.491#360.81
973	тем	_	_	_	_	_	_	_	@nn1982m-words#@nn1982m#360.81#361.129
974	более	_	_	_	_	_	_	_	@nn1982m-words#@nn1982m#361.129#361.448
975	/	_	_	_	_	_	_	_	@nn1982m-words#@nn1982m#361.448#361.767
976	четыре	_	_	_	_	_	_	_	@nn1982m-words#@nn1982m#361.767#362.086
977	композиции	_	_	_	_	_	_	_	@nn1982m-words#@nn1982m#362.086#362.405
978	сразу	_	_	_	_	_	_	_	@nn1982m-words#@nn1982m#362.405#362.724
979	нам	_	_	_	_	_	_	_	@nn1982m-words#@nn1982m#362.724#363.043
980	наш	_	_	_	_	_	_	_	@nn1982m-words#@nn1982m#363.043#363.362
981	/	_	_	_	_	_	_	_	@nn1982m-words#@nn1982m#363.362#363.681
982	гость	_	_	_	_	_	_	_	@nn1982m-words#@nn1982m#363.681#364.0
983	математик	_	_	_	_	_	_	_	@nn1982m-words#@nn1982m#364.0#364.319
984	назвал	_	_	_	_	_	_	_	@nn1982m-words#@nn1982m#364.319#364.638
985	не	_	_	_	_	_	_	_	@nn1982m-words#@nn1982m#364.638#364.957
986	задумываясь	_	_	_	_	_	_	_	@nn1982m-words#@nn1982m#364.957#365.276
987	/	_	_	_	_	_	_	_	@nn1982m-words#@nn1982m#365.276#365.595
988	и	_	_	_	_	_	_	_	@nn1982m-words#@nn1982m#365.595#365.914
989	в	_	_	_	_	_	_	_	@nn1982m-words#@nn1982m#365.914#366.233
990	той	_	_	_	_	_	_	_	@nn1982m-words#@nn1982m#366.233#366.552
991	последовательности	_	_	_	_	_	_	_	@nn1982m-words#@nn1982m#366.552#366.871
992	в	_	_	_	_	_	_	_	@nn1982m-words#@nn1982m#366.871#367.19
993	которой	_	_	_	_	_	_	_	@nn1982m-words#@nn1982m#367.19#367.509
994	они	_	_	_	_	_	_	_	@nn1982m-words#@nn1982m#367.509#367.828
995	были	_	_	_	_	_	_	_	@nn1982m-words#@nn1982m#367.828#368.147
996	названы	_	_	_	_	_	_	_	@nn1982m-words#@nn1982m#368.147#368.466
997	мы	_	_	_	_	_	_	_	@nn1982m-words#@nn1982m#368.466#368.785
998	их	_	_	_	_	_	_	_	@nn1982m-words#@nn1982m#368.785#369.104
999	будем	_	_	_	_	_	_	_	@nn1982m-words#@nn1982m#369.104#369.423
1000	слушать	_	_	_	_	_	_	_	@nn1982m-words#@nn1982m#369.423#369.742
1001	и	_	_	_	_	_	_	_	@nn1982m-words#@nn1982m#369.742#370.061
1002	анализировать	_	_	_	_	_	_	_	@nn1982m-words#@nn1982m#370.061#370.41
1003	и	_	_	_	_	_	_	_	@nn1982m-words#@nn1982m#370.59#370.876
1004	искать	_	_	_	_	_	_	_	@nn1982m-words#@nn1982m#370.876#371.162
1005	смыслы	_	_	_	_	_	_	_	@nn1982m-words#@nn1982m#371.162#371.448
1006	/	_	_	_	_	_	_	_	@nn1982m-words#@nn1982m#371.448#371.734
1007	наверняка	_	_	_	_	_	_	_	@nn1982m-words#@nn1982m#371.734#372.02
1008	найдём	_	_	_	_	_	_	_	@nn1982m-words#@nn1982m#372.02#372.31
1009	первая	_	_	_	_	_	_	_	@nn1982m-words#@nn1982m#372.44#372.743
1010	история	_	_	_	_	_	_	_	@nn1982m-words#@nn1982m#372.743#373.046
1011	у	_	_	_	_	_	_	_	@nn1982m-words#@nn1982m#373.046#373.349
1012	нас	_	_	_	_	_	_	_	@nn1982m-words#@nn1982m#373.349#373.652
1013	называется	_	_	_	_	_	_	_	@nn1982m-words#@nn1982m#373.652#373.955
1014	"	_	_	_	_	_	_	_	@nn1982m-words#@nn1982m#373.955#374.258
1015	каспийский	_	_	_	_	_	_	_	@nn1982m-words#@nn1982m#374.258#374.561
1016	груз	_	_	_	_	_	_	_	@nn1982m-words#@nn1982m#374.561#374.864
1017	-	_	_	_	_	_	_	_	@nn1982m-words#@nn1982m#374.864#375.167
1018	доедешь	_	_	_	_	_	_	_	@nn1982m-words#@nn1982m#375.167#375.47
1019	пиши	_	_	_	_	_	_	_	@nn1982m-words#@nn1982m#375.47#375.773
1020	"	_	_	_	_	_	_	_	@nn1982m-words#@nn1982m#375.773#376.076
1021	/	_	_	_	_	_	_	_	@nn1982m-words#@nn1982m#376.076#376.379
1022	о	_	_	_	_	_	_	_	@nn1982m-words#@nn1982m#376.379#376.682
1023	чем	_	_	_	_	_	_	_	@nn1982m-words#@nn1982m#376.682#376.985
1024	эта	_	_	_	_	_	_	_	@nn1982m-words#@nn1982m#376.985#377.288
1025	история	_	_	_	_	_	_	_	@nn1982m-words#@nn1982m#377.288#377.591
1026	пожалуйста	_	_	_	_	_	_	_	@nn1982m-words#@nn1982m#377.591#377.894
1027	поясните	_	_	_	_	_	_	_	@nn1982m-words#@nn1982m#377.894#378.197
1028	нам	_	_	_	_	_	_	_	@nn1982m-words#@nn1982m#378.197#378.5
1029	/	_	_	_	_	_	_	_	@nn1982m-words#@nn1982m#378.5#378.803
1030	роман	_	_	_	_	_	_	_	@nn1982m-words#@nn1982m#378.803#379.106
1031	?	_	_	_	_	_	_	_	@nn1982m-words#@nn1982m#379.106#379.42